id,created_at,text,topic,action,retweet_count,favorite_count
1.01E+18,2018-06-21T18:12:40Z,"RT @WestworldHBO: Alexa, open Westworld.
 Find out if this game was meant for you and play #Westworld: The Maze now available on @Amazon Aleâ€¦",Entertainment,Trivial,105,0
1.01E+18,2018-06-14T16:06:08Z,Celebrate Father's Day with Alexa. Surprise Dad with custom Alexa responses and skills all about him. Create your oâ€¦ https://t.co/5W7scFnBwO,Social,Customization,12,36
1.01E+18,2018-06-12T19:02:20Z,RT @simonschuster: Big news! Weâ€™ve created a Stephen King Library Skill for Amazon Alexa. It'll give you personalized reading recommendatioâ€¦,Entertainment,Customization,29,0
1.01E+18,2018-06-07T16:06:01Z,"Find the perfect skill to streamline and support your modern lifestyle. Just say, ""Alexa, give me a life hack"" to gâ€¦ https://t.co/acSvQvnAT8",Productivity,Trivial,8,17
1.00E+18,2018-06-01T16:00:03Z,"Want to reach someone in the other room but too comfortable on the couch? Just say â€œAlexa, drop inâ€ to connect instâ€¦ https://t.co/hEpnoGOZWX",Social,Communication,6,40
1.00E+18,2018-05-31T18:01:00Z,RT @alexadevs: Meet the developers behind the most popular #AlexaSkills: https://t.co/qKD4Wy84ZP,Promotional,Customization,24,0
1.00E+18,2018-05-31T16:03:40Z,"What's in the box?! Until June 10th say ""Alexa, ask Jurassic World what's inside the box?"" to get details about theâ€¦ https://t.co/Jpd0QyzYpK",Entertainment,Trivial,21,35
1.00E+18,2018-05-24T19:54:58Z,"RT @RedNoseDayUSA: Thanks to Alexa, donating has never been easier. If youâ€™ve got an @AmazonEcho, try it using Amazon Pay. https://t.co/M54â€¦",Social,Purchase,19,0
9.99E+17,2018-05-23T18:20:46Z,It's road trip season! Bring voice control with you with the Alexa-enabled Roav VIVA car charger. Just ask Alexa toâ€¦ https://t.co/0gOKjOHkKj,Digital_Lifestyle,IoT,34,90
9.99E+17,2018-05-22T19:00:00Z,Alexa now lets you schedule 1:1 meetings with suggested availability and move meetings in your calendar using justâ€¦ https://t.co/XCU2Yq7VCV,Productivity,Basic,28,62
9.98E+17,2018-05-18T16:04:27Z,Make your child the main character. You customize the sample story. Alexa narrates. Create your own custom skills wâ€¦ https://t.co/udUO2hia7h,Entertainment,Customization,11,33
9.97E+17,2018-05-17T00:39:58Z,"Donâ€™t know who Yanny and Laurel are? Just ask, â€œAlexa, tell me about the audio clip.â€",Entertainment,Trivial,17,70
9.96E+17,2018-05-15T15:03:02Z,Bring the magic of hands-free control on the road with Alexa. See if your vehicle is enabled and how Alexa can helpâ€¦ https://t.co/JnStA2YnmF,Digital_Lifestyle,IoT,24,52
9.95E+17,2018-05-11T12:05:00Z,"Talk to her heartâ€™s content with hands-free callingâ€”just say, ""Alexa, call Mom""â€”to connect this Motherâ€™s Day. Learnâ€¦ https://t.co/hzKc9BuahT",Social,IoT,13,34
9.95E+17,2018-05-10T21:05:38Z,ðŸŽ¶â° Did you know Alexa can wake you up to your favorite music? Set a music alarm by asking Alexa to wake up to playlâ€¦ https://t.co/PIeZJoJS4V,Entertainment,Basic,22,74
9.94E+17,2018-05-08T13:20:30Z,This Motherâ€™s Day create a custom list of compliments and let Alexa show the mom in your home how much she means toâ€¦ https://t.co/lneP4Gw0xO,Social,Customization,20,42
9.94E+17,2018-05-07T17:56:06Z,"RT @Microsoft: No #SeattleFreeze here: Tom Taylor, SVP of Amazon Alexa and Megan Saunders, GM of Cortana are on stage at #MSBuild showing oâ€¦",Promotional,Trivial,207,0
9.92E+17,2018-05-04T12:05:01Z,"Just say ""Alexa, remind me to call mom on Mother's Day"" and Alexa can make sure to remind you at your preferred timâ€¦ https://t.co/cFELDwxn53",Social,Basic,16,30
9.92E+17,2018-05-02T12:03:20Z,Create a custom birthday game and let Alexa host. Now you can create personal skills with Alexa Skill Blueprints:â€¦ https://t.co/ijd1zFUbY4,Social,Customization,16,33
9.90E+17,2018-04-27T16:03:49Z,"Thousands of people have used Alexa Skill Blueprints to create their own custom Alexa responses, games, stories, anâ€¦ https://t.co/Rsydfkg2Kt",Productivity,Customization,10,35
9.90E+17,2018-04-26T19:21:30Z,"Happy ðŸ‘½ Day! Celebrate by asking, ""Alexa, open Alien Simulator."" https://t.co/l08tRDkVME",Entertainment,Trivial,25,66
9.87E+17,2018-04-19T16:00:28Z,"Create a custom couples quiz, then let Alexa host the game. Now you can create personal skills with Alexa Skill Bluâ€¦ https://t.co/7kJRNgGSaL",Social,Customization,20,61
9.82E+17,2018-04-04T17:21:03Z,RT @ComedyCentral: Tough times call for great comedy. Introducing: The Comedy Central Skill on Amazon Alexa. #AskAlexa @amazonecho https://â€¦,Entertainment,Customization,61,0
9.79E+17,2018-03-29T19:17:34Z,"RT @INFINITIUSA: Now, you can start your engine with Amazon Alexa. Enable the INFINITI InTouchâ„¢ Services Skill with Amazon Alexa and connecâ€¦",Digital_Lifestyle,IoT,41,0
9.79E+17,2018-03-29T18:03:01Z,"With the @TuneIn Live skill you can listen to your favorite sports team's live. âš¾ï¸ðŸ€ ðŸˆ Get started by saying ""Alexa,â€¦ https://t.co/qGy5snaEja",Entertainment,Streaming,20,41
9.74E+17,2018-03-15T12:03:21Z,Hands free communication with Alexa. Call any number in your cell phone contacts using your Echo and use multiple dâ€¦ https://t.co/KmvPWYBNLj,Social,Communication,29,79
9.74E+17,2018-03-13T21:17:52Z,RT @ecobee: Bring light into your life with the power of voice. ecobee Switch+ is the smarter light switch with built-in Amazon Alexa. Pre-â€¦,Digital_Lifestyle,IoT,27,0
9.71E+17,2018-03-07T13:03:32Z,Find thousands of skills in the Alexa app â€”or just ask Alexa â€” and start personalizing your Echo experience today wâ€¦ https://t.co/IjhpfCFDkH,Promotional,Customization,30,71
9.69E+17,2018-02-28T13:02:21Z,Don't forget! Alexa can set a reminder for you on any Echo device. And even send the reminder to your app while youâ€¦ https://t.co/20sqfflIcR,Productivity,Basic,20,67
9.69E+17,2018-02-27T22:27:22Z,RT @Bose: Alexa convenience meets Bose performance. Introducing new hands-free voice access to your music on #SoundTouch speakers using Aleâ€¦,Entertainment,IoT,25,0
9.66E+17,2018-02-21T13:02:52Z,Transform your average-everyday-lamp into a voice controlled smart lamp with Alexa. Discover more things Alexa canâ€¦ https://t.co/OAQBaxaz7P,Digital_Lifestyle,IoT,20,60
9.66E+17,2018-02-20T13:02:01Z,Did you know you can listen to audiobooks with Alexa? @Audible_com has an unmatched selection of professionally narâ€¦ https://t.co/mFh33qB3wu,Entertainment,Streaming,17,55
9.64E+17,2018-02-13T18:48:29Z,"Skills to educate, entertain, and engage. Just say, ""Alexa, tell me about the kids challenge"" to try our finalist sâ€¦ https://t.co/ulKP6bOyjx",Entertainment,Trivial,9,26
9.61E+17,2018-02-05T17:46:51Z,"Gordon Ramsay might not be the new voice of Alexa, but he will review your cooking chops. Just say, ""Alexa, ask Goâ€¦ https://t.co/Qsci7ljBzy",Promotional,Trivial,481,2505
9.60E+17,2018-02-05T03:58:58Z,"The unstoppable @Lesdoggg , thanks for stepping in. We got it from here. #AskAlexa https://t.co/AaiCDwobsZ",Promotional,Trivial,10,56
9.60E+17,2018-02-05T03:05:07Z,Weâ€™re not done yet! Stay tuned after the game to see @lesdoggg and @ohsnapjbsmoove #AskAlexa https://t.co/AAkSHIkmnh,Promotional,Trivial,55,196
9.60E+17,2018-02-04T23:24:25Z,RT @Jasondinhsum: Ask your Amazon Alexa whoâ€™s gonna win the Super Bowl.,Entertainment,Trivial,30,0
9.59E+17,2018-01-31T21:08:45Z,"RT @GordonRamsay: Sure, I can tell you the weather and how to cook your food....But telling people how it is, is what I do best ! #AskAlexaâ€¦",Promotional,Trivial,181,0
9.58E+17,2018-01-29T01:03:28Z,"Sounds like Alexa might have lost her voice, but who could possibly replace her? https://t.co/ipDBNHjV5k",Promotional,Trivial,444,704
9.56E+17,2018-01-24T18:52:07Z,"RT @amazonfiretv: Did you know that you can control apps like @PlayStation Vue with your voice? Just say ""Alexa, play Mr. Robot on PlayStatâ€¦",Entertainment,IoT,10,0
9.54E+17,2018-01-19T17:10:52Z,RT @ultimateears: As if #BLAST and #MEGABLAST couldnâ€™t get any *more ultimate*: use Alexa to control your favorite music on @siriusxm and @â€¦,Entertainment,Streaming,8,0
9.51E+17,2018-01-10T13:01:01Z,"Are you a know-it-all when it comes to Sports Trivia? Sports Jeopardy! is perfect for you. Just say â€œAlexa, play Spâ€¦ https://t.co/l1XsoiNu2X",Entertainment,Basic,11,25
9.51E+17,2018-01-10T03:50:36Z,"New at #CES2018 The @polkaudio Command Bar, a sound bar system with Alexa built-in. Learn more:â€¦ https://t.co/0j82vQM3eG",Digital_Lifestyle,IoT,37,74
9.51E+17,2018-01-09T22:30:34Z,"RT @Toyota: Hey #Alexa... Iâ€™m on my way home, turn on the lights and crank up the heat! Read more from todayâ€™s special announcement from #Câ€¦",Digital_Lifestyle,IoT,177,0
9.51E+17,2018-01-09T18:15:44Z,"New at #CES2018 Meet the Onelink 'Safe &amp; Sound' by @FirstAlert, a smoke and carbon monoxide alarm with Alexa:â€¦ https://t.co/K75rC5eaZS",Digital_Lifestyle,IoT,28,68
9.51E+17,2018-01-08T22:01:01Z,NewÂ atÂ #CES2018:Â JabraÂ bringsÂ AlexaÂ on-the-goÂ withÂ newÂ EliteÂ 65tÂ trulyÂ wirelessÂ headphones:Â https://t.co/T1qHJ7ETU8 https://t.co/J9zGWwitbZ,Entertainment,IoT,20,45
9.51E+17,2018-01-08T21:01:01Z,"NewÂ atÂ #CES2018:Â AlexaÂ comesÂ toÂ PCsÂ fromÂ @HP,Â @Acer,Â andÂ @ASUS,Â allÂ powered byÂ @IntelÂ andÂ AmazonÂ technology:Â â€¦ https://t.co/000DMEqsr9",Digital_Lifestyle,IoT,53,140
9.51E+17,2018-01-08T20:01:01Z,"NewÂ atÂ #CES2018:Â @Hisense_USAÂ introducesÂ 100""Â 4KÂ TVÂ withÂ hands-freeÂ Alexa:Â https://t.co/5sQELvc01g https://t.co/pccGEh5SKZ",Entertainment,IoT,17,49
9.49E+17,2018-01-03T13:01:01Z,"Alexa is in on the fun with this game show classic! Play Audience Match and Head-to-Head. Just say, â€œAlexa, play Maâ€¦ https://t.co/XJVkaFSOR8",Entertainment,Trivial,22,64
9.46E+17,2017-12-28T13:13:38Z,"Alexa teamed up with Amazonâ€™s Acapella group, Vocally Self Critical, to record this #NYE anthem, just ask Alexa toâ€¦ https://t.co/tGRODB83kb",Promotional,Trivial,36,76
9.46E+17,2017-12-26T13:12:01Z,"Cast up to 10 votes per day with the NBA All-Star skill. Just say â€œAlexa, help me vote for the NBA All-Star Gameâ€ tâ€¦ https://t.co/YCClimzscN",Promotional,Basic,11,16
9.45E+17,2017-12-23T13:12:01Z,"Teen Jeopardy! is the perfect game for the budding genius in your family. Just say, â€œAlexa, play Teen Jeopardy!â€ toâ€¦ https://t.co/RaTXD87I2M",Entertainment,Basic,9,22
9.44E+17,2017-12-21T13:12:39Z,Need to set some holiday cooking timers this weekend? Or perhaps a holiday nap timer? Alexa is ready to handle allâ€¦ https://t.co/7x2qXzvwMH,Productivity,Basic,9,32
9.44E+17,2017-12-20T13:12:01Z,Now you can play Ellen DeGeneres' favorite game with Alexa! How many guesses can you get right in 90 seconds? Justâ€¦ https://t.co/1IoalY7l18,Entertainment,Basic,27,118
9.43E+17,2017-12-20T00:35:29Z,RT @NoradSanta: Get the #NORADTracksSanta skill to ask Alexa about Santaâ€™s Yuletide journey around the world! @amazonecho https://t.co/ai70â€¦,Entertainment,Trivial,49,0
9.43E+17,2017-12-19T13:12:21Z,What to wear today? What to pack this weekend? Alexa has meteorology skills to help get you out the door. Discoverâ€¦ https://t.co/g1lPk4hAlN,Productivity,Basic,13,35
9.43E+17,2017-12-19T00:12:02Z,"""Alexa, turn on holiday."" ðŸ”Œ âœ¨ðŸŽ„Learn how to use smart plugs and more to create a holiday routine that turns on all yâ€¦ https://t.co/4JHSDwa0Nc",Digital_Lifestyle,IoT,12,36
9.41E+17,2017-12-14T23:20:48Z,"ðŸŽ‰ Welcome to Alexa, Ellen! We can't wait to play heads up! https://t.co/V3jl7GwCXf",Entertainment,Trivial,10,49
9.41E+17,2017-12-14T13:12:30Z,Alexa can make any home into a voice controlled smart home â€” even the gingerbread kind. Find out what else Alexa caâ€¦ https://t.co/iUIGciCptt,Entertainment,IoT,2042,52
9.41E+17,2017-12-13T13:12:17Z,Alexa can keep you up to date with the latest news from your most trusted publishers with a daily flash briefing.âš¡ï¸â€¦ https://t.co/1IjMgsRyg6,Productivity,Basic,14,39
9.41E+17,2017-12-13T00:25:20Z,"Twitch is now available on Alexa which means you never have to let go of the controller! Just say â€œAlexa, open Twitâ€¦ https://t.co/YXn6p7jTeH",Entertainment,IoT,12,27
9.40E+17,2017-12-11T18:00:01Z,With the new Vroom skill for Alexa you can help nurture your child's growing mind with fun activities you can do toâ€¦ https://t.co/HT4sIhQ6Wp,Productivity,Basic,21,42
9.40E+17,2017-12-09T13:12:13Z,"â€œAlexa, play The Handmaid's Tale on Hulu.â€ Pair your @AmazonFireTV and Echo device for hands-free control of apps lâ€¦ https://t.co/CJGDdzRZDE",Entertainment,IoT,10,40
9.39E+17,2017-12-08T13:12:24Z,Canâ€™t decide on your #OOTD? Let Alexa help you look your best every morning with #echolook. Tune into @TheView todaâ€¦ https://t.co/OJsSJgqfBp,Productivity,Basic,15,39
9.38E+17,2017-12-06T13:12:14Z,"Spoiler alert! Did you know you can ask Alexa for music by genre, mood, or even lyrics with a subscription to Primeâ€¦ https://t.co/468O0Wn5bq",Entertainment,Streaming,18,47
9.37E+17,2017-12-02T13:12:15Z,"â€œAlexa, play The Good Place on NBC.â€ Pair your @AmazonFireTV and Echo device for hands-free control of apps like NBâ€¦ https://t.co/8DaW16bpA3",Digital_Lifestyle,IoT,9,44
9.36E+17,2017-11-30T20:02:33Z,RT @amazonmusic: The @U2 Experience: Tune in NOW to https://t.co/tX8uYhsK9J or Ask Alexa â€œPlay The U2 Experienceâ€ to stream new music &amp; intâ€¦,Entertainment,Streaming,159,0
9.36E+17,2017-11-29T13:11:41Z,Want to get know Alexa? Just ask. Discover more things Alexa can do: https://t.co/GZXqOcwLtc https://t.co/KAlQ80KZVL,Promotional,Basic,13,43
9.34E+17,2017-11-23T13:11:13Z,Don't forget to name your timers today! Alexa can set multiple named timers to keep track of all your Thanksgivingâ€¦ https://t.co/rqKgvBYgq6,Productivity,Basic,19,96
9.33E+17,2017-11-22T13:11:16Z,Life is full of questions. Ask Alexa. ðŸ¤” Discover more things Alexa can do: https://t.co/JKzfPoqQpr https://t.co/x1gxYpC4DX,Promotional,Basic,10,30
9.31E+17,2017-11-16T13:11:27Z,"Keep your hands full of nachos, not remotes. Hands free video streaming and voice shopping with Alexa.â€¦ https://t.co/4psa3zssBO",Entertainment,IoT,11,22
9.30E+17,2017-11-14T13:11:02Z,"Plan your Thanksgiving menu with Alexa â€“ just say â€œAlexa, itâ€™s turkey timeâ€ to get started! ðŸ¦ƒ https://t.co/vBnWCmzacC",Promotional,Basic,6,26
9.29E+17,2017-11-09T21:42:38Z,"RT @amazon: Just ask, ""Alexa, let's shop Oprah's Favorite Things"" to get holiday ready with Butter London. #OprahsFavoriteThings https://t.â€¦",Promotional,Trivial,31,0
9.28E+17,2017-11-07T00:58:05Z,"RT @KUWTK: Happy birthday from these iconic voices to another. #HBDAlexa! Celebrate by saying â€œAlexa, open Kardashian Quote Game.â€ https://â€¦",Entertainment,Trivial,34,0
9.28E+17,2017-11-07T00:10:05Z,"RT @WEMO: Weâ€™re celebrating the power of our voice today. Happy birthday, @amazon Alexa. https://t.co/XL7QKqTXqZ. #HBDAlexa @amazonecho hâ€¦",Promotional,Trivial,6,0
9.28E+17,2017-11-07T00:09:09Z,RT @dish: Happy Birthday to a great listener: our friend Alexa! @AmazonEcho #HBDAlexa #HandsFreeTV https://t.co/pUgs3SHoSs,Promotional,Trivial,12,0
9.28E+17,2017-11-07T00:07:24Z,"RT @iHeartRadio: ""Alexa, play Happy Birthday on iHeartRadio"" ðŸ˜€ðŸŽ‚ Have the best 3rd birthday! #HBDALEXA @amazonecho https://t.co/hjMIxHlSQy",Entertainment,Trivial,14,0
9.28E+17,2017-11-06T22:30:39Z,"RT @smartthings: Happy Birthday to our friend that helps light up our life, @AmazonEcho Alexa! #HBDAlexa https://t.co/ESkH14vsgg https://t.â€¦",Promotional,Trivial,14,0
9.28E+17,2017-11-06T20:00:43Z,"RT @HTCUSA: TO: Alexa
 FROM: HTC, who you allowed to go hands free anywhere
 
 #HBDAlexa! https://t.co/Gg7Jr8NjGk",Promotional,Trivial,14,0
9.28E+17,2017-11-06T19:59:44Z,RT @HISTORY: Wishing Alexa a #HappyBirthday! Enable #ThisDayinHistory to learn about new historical events everyday. #HBDALEXA https://t.coâ€¦,Promotional,Trivial,9,0
9.28E+17,2017-11-06T19:40:15Z,RT @ArloSmartHome: #HBDAlexa from Arlo! Thanks for helping us keep an eye on thingsâ€”completely hands-free. @AmazonEcho https://t.co/SYUI7hGâ€¦,Promotional,Trivial,6,0
9.28E+17,2017-11-06T19:38:44Z,RT @Schlage_Locks: Celebrate Alexa's 3rd birthday with these savings on @amazonecho devices. #HBDAlexa https://t.co/Yee3Obtzzu https://t.coâ€¦,Promotional,Trivial,5,0
9.28E+17,2017-11-06T19:23:32Z,RT @amazon: That's one smart three year old. #HBDAlexa https://t.co/q9944L2gl9,Promotional,Trivial,201,0
9.28E+17,2017-11-06T19:09:34Z,RT @AugustHomeInc: #HBDAlexa! You may be only three years old but you've really shown us that you've got things on lock. ðŸ˜‰ https://t.co/qpXâ€¦,Promotional,Trivial,5,0
9.28E+17,2017-11-06T17:53:38Z,"RT @amazonnews: Happy 3rd birthday, Alexa! #HBDAlexa
 https://t.co/bfo17xiDZr",Promotional,Trivial,65,0
9.28E+17,2017-11-06T17:33:39Z,"RT @ecobee: It might be Alexaâ€™s Birthday, but YOU get the presents. Today only, get $40 OFF ecobee4 smart thermostats #HBDAlexa https://t.câ€¦",Promotional,Trivial,20,0
9.28E+17,2017-11-06T15:53:13Z,RT @amazonmusic: #HBDAlexa ðŸŽ‰ Visit https://t.co/MXQpabQQ2h &amp; join our celebration ft. limited time deals &amp; offers on @AmazonEcho devices &amp;â€¦,Promotional,Trivial,20,0
9.28E+17,2017-11-06T14:53:59Z,RT @amazonfiretv: Today we're celebrating Alexa's 3rd birthday. ðŸŽ‚ ðŸŽðŸŽˆ #HBDAlexa https://t.co/dD0mE0be1D,Promotional,Trivial,26,0
9.27E+17,2017-11-03T18:55:00Z,RT @JeffBezos: Congrats to the @BestBuy team on their new Alexa skill. Customers can now find and shop Best Buy deals on Alexa. Nice! httpsâ€¦,Promotional,Trivial,435,0
9.26E+17,2017-11-03T00:04:57Z,"RT @amazon: Enjoy an exclusive shopping experience by asking, â€œAlexa, letâ€™s shop Oprahâ€™s Favorite Things.â€ #OprahsFavoriteThings https://t.â€¦",Promotional,Trivial,38,0
9.25E+17,2017-10-31T12:10:18Z,Haunted House or Alexa controlled smart home? You decide. ðŸ‘» ðŸ˜± https://t.co/SgOUOvhNmj,Digital_Lifestyle,IoT,42,115
9.24E+17,2017-10-26T12:10:14Z,"Now that youâ€™ve got your â€œElevenâ€ costume perfected, why not use Alexa to control the alphabet lights?â€¦ https://t.co/AeYzZ38WxP",Digital_Lifestyle,IoT,10,35
9.21E+17,2017-10-19T23:47:52Z,RT @ultimateears: Introducing #BLAST and #MEGABLAST: our most *ultimate* in sound and hands-free voice control w/ Amazon Alexa. Hearing isâ€¦,Digital_Lifestyle,IoT,10,0
9.20E+17,2017-10-17T23:52:29Z,ðŸ—£ï¸ðŸš— Shop Garmin Speak with Alexa: https://t.co/yySox1gw5G https://t.co/yliKQbz6LU,Promotional,Purchase,14,42
9.20E+17,2017-10-17T12:10:22Z,Alexa's on @Jeopardy! and Jeopardy!'s on Alexa. Go figure. https://t.co/Nd6lt2VAFh https://t.co/tGwQMMr9gB,Entertainment,Basic,18,67
9.15E+17,2017-10-02T03:52:53Z,RT @amazonfiretv: Don't forget a coaster while you're watching the return of #CurbYourEnthusiasm tonight on @HBO. #RespectWood #AskAlexa htâ€¦,Entertainment,Trivial,9,0
9.14E+17,2017-09-29T12:09:01Z,"Itâ€™s #NationalCoffeeDay â˜•ï¸! Celebrate with the new @DunkinDonuts coffee quiz skill for Alexa. Just ask, ""Alexa, tesâ€¦ https://t.co/QLieFgKL4P",Promotional,Trivial,15,43
9.11E+17,2017-09-20T16:14:22Z,RT @amazonfiretv: Be the hero of your living room with Amazon Fire TV and Alexa. #AskAlexa https://t.co/M62adPDhbA,Digital_Lifestyle,IoT,23,0
9.10E+17,2017-09-19T12:09:21Z,"Did you know, if youâ€™re a Prime member, you have access to over 2 million songs on Alexa with Prime Music? Ask by gâ€¦ https://t.co/HpNHG1gXyO",Promotional,Streaming,33,78
9.10E+17,2017-09-18T15:13:46Z,RT @GELighting: Alexa in a New Light: GEâ€™s Industry-First Sol Lamp Now Available. Get yours here: https://t.co/kpj0okz0HL @AmazonEcho #Smarâ€¦,Digital_Lifestyle,IoT,50,0
9.10E+17,2017-09-18T12:00:01Z,"Doggos need books too! ðŸ¾ðŸ“š Ask, ""Alexa, play A Dog's Purpose from Audible."" Learn more: https://t.co/gGKvbERtLQâ€¦ https://t.co/slf205iXWf",Entertainment,Trivial,27,33
9.08E+17,2017-09-12T12:09:01Z,"ðŸˆ Save 40% on #NFL hats, just ask, ""Alexa, what are your NFL deals?"" ðŸˆ https://t.co/ZYDUPfhAJl",Promotional,Purchase,9,17
9.05E+17,2017-09-06T12:09:01Z,"Need an extra dose of cute to get through the day? Just ask â€œAlexa, open Pug Bombâ€ for a surprise. Find more skillsâ€¦ https://t.co/3qwoMUDyHW",Entertainment,Trivial,11,34
9.03E+17,2017-08-31T12:08:01Z,"Just ask â€œAlexa, open Translatedâ€ and translate from English to 36 different languages. Find more skills hereâ€¦ https://t.co/JcQtawvjlG",Productivity,Customization,52,109
9.00E+17,2017-08-23T18:11:24Z,RT @amazonmusic: Get 3 months of Amazon Music Unlimited FREE when you buy the all-new Alexa enabled #HTCU11 by @HTCUSA Learn more: https://â€¦,Entertainment,IoT,11,0
8.99E+17,2017-08-18T12:13:50Z,"""Alexa, what causes a solar eclipse? Alexa, how hot is the sun? Alexa, what's the diameter of the sun? "" So many quâ€¦ https://t.co/iZP3tyVv57",Entertainment,Trivial,32,80
8.98E+17,2017-08-16T12:08:01Z,Introducing the first smartphone with hands-free Amazon Alexa! See how @CNET uses Alexa with the new HTC U11:â€¦ https://t.co/QtR0O3wdxC,Digital_Lifestyle,IoT,71,185
8.97E+17,2017-08-15T12:08:01Z,"#NationalRelaxationDay with Alexa! Sit back, unwind, and just ask ""Alexa, help me relax"" to see what Alexa can do. https://t.co/Joi8HVUuLo",Productivity,Trivial,16,70
8.95E+17,2017-08-09T12:08:26Z,"For relaxation on repeat, just say, ""Alexa, ask Thunderstorm Sounds to loop."" ðŸ˜ŒðŸ” https://t.co/XzApkewG3A",Entertainment,Streaming,77,236
8.95E+17,2017-08-08T12:08:01Z,"Whatâ€™s cuter than a kitten ðŸ±? Ask â€œAlexa, open Meow!â€ for a fun surprise. Find more skills here:â€¦ https://t.co/u6zFAz8OiT",Entertainment,Trivial,21,57
8.94E+17,2017-08-04T18:27:48Z,Meet Alexa Episode 3: Alexa and @AmazonFireTV team up to help Frank watch his favorite comedies. https://t.co/0QMTQ5XEaA,Entertainment,Trivial,13,31
8.93E+17,2017-08-04T00:06:01Z,"ðŸŽµ New music activities are available to soundtrack your day. Just ask, ""Alexa play music for cooking,"" and hundredsâ€¦ https://t.co/qo3atqilAJ",Entertainment,Streaming,20,48
8.92E+17,2017-07-31T12:08:01Z,"Keep your brain sharp and discover interesting topics. Just say ""Alexa, open Curiosity"". Find more skills here:â€¦ https://t.co/PkF3ns64JN",Productivity,Trivial,12,46
8.91E+17,2017-07-28T20:23:06Z,"ðŸ”Š on! Make every week Shark Week with #Sharknado5 celebrity alarms. ðŸ¦ˆ To set up, select alarms in your Alexa app anâ€¦ https://t.co/i6pEICCU3h",Entertainment,Basic,14,29
8.91E+17,2017-07-27T12:00:01Z,"Find out what happened on this day in history. Just say, ""Alexa, open This Day in History."" Find more skills here:â€¦ https://t.co/B77OnR69bM",Entertainment,Trivial,21,60
8.90E+17,2017-07-26T12:07:19Z,Did you know anyone can voice control their lights (and more!) with Alexa and the right smart home devices? ðŸ’¡ðŸ“ºðŸ”’ðŸ“¹ https://t.co/cufFhWE3bb,Digital_Lifestyle,IoT,22,52
8.90E+17,2017-07-24T19:24:01Z,"Celebrate National Tequila Day and say, ""Alexa, ask Patron to surprise me!"" ðŸ¹ https://t.co/uDU2LIxgJk",Promotional,Trivial,13,33
8.88E+17,2017-07-21T12:08:06Z,Meet Alexa Episode 2: Alexa helps Nanna multitask using named timers. â²ï¸â²ï¸â²ï¸ https://t.co/RCxatOhAeu,Entertainment,Trivial,24,49
8.88E+17,2017-07-20T12:07:01Z,"The university competition to advance AI has reached the semi-finals. To try one of the socialbots, say, ""Alexa, leâ€¦ https://t.co/214DV7d7jv",Promotional,Customization,26,49
8.88E+17,2017-07-19T12:00:14Z,Dish + Alexa = control what you watch with no hands! ðŸ™Œ https://t.co/ylnVRxH9kV,Entertainment,IoT,8,23
8.87E+17,2017-07-18T12:07:08Z,"Play Jeopardy with new clues that refresh daily! Just ask â€œAlexa, open Jeopardy.â€ Find more skills here:â€¦ https://t.co/GD3IOyzP1i",Entertainment,Basic,17,53
8.87E+17,2017-07-17T19:57:18Z,RT @HTCUSA: The #HTCU11 is the world's first smartphone with hands-free Amazon Alexa. Try it out now on your U11: https://t.co/E6ngiKAtId hâ€¦,Digital_Lifestyle,IoT,40,0
8.87E+17,2017-07-17T12:07:01Z,"Alexa can now notify you the day your Amazon order arrives with a glowing yellow ring of joy! ðŸ’›ðŸ“¦ Ask, â€œAlexa, whereâ€¦ https://t.co/zhI2vghmNd",Promotional,Customization,24,98
8.86E+17,2017-07-14T12:07:01Z,"Busy hands? Control your smart TV with Alexa and your voice. ðŸ¤“ðŸ“º Learn how with Sony, Logitech Harmony, &amp; Broadlink:â€¦ https://t.co/bPMcXwpfJL",Entertainment,IoT,27,57
8.86E+17,2017-07-13T12:07:01Z,"Fall asleep peacefully with Sleep and Relaxation Sounds. ðŸ˜´ Just say, â€œAlexa, open Sleep Sounds.â€ Find more skills:â€¦ https://t.co/aWGWPAzmMA",Productivity,Streaming,17,101
8.85E+17,2017-07-11T21:58:51Z,"RT @amazonmusic: Oh hey, @ddlovato ðŸ˜. #AskAlexa, ""Play Song of the Day"" &amp; hear her new single ""Sorry Not Sorry""! #PrimeDay https://t.co/tydâ€¦",Entertainment,Streaming,2410,0
8.84E+17,2017-07-10T12:07:02Z,"Your destination? Dunkirk. Your goal? Survival. Just say, â€œAlexa, enable Dunkirkâ€ to play the adventure game now:â€¦ https://t.co/H3zsCepQxX",Entertainment,Trivial,9,26
8.84E+17,2017-07-08T12:08:08Z,Meet Alexa Episode 1: We learn how Alexa helped Teddy prepare for tonight's full moon so he could play the big gameâ€¦ https://t.co/tptzL6tchQ,Entertainment,Trivial,24,50
8.83E+17,2017-07-07T19:39:30Z,TGIF. Move over Tanners. Introducing Meet Alexa! Stay tuned for fresh new episodes to see how Alexa saves the day fâ€¦ https://t.co/RqRgIXBcnR,Entertainment,Trivial,14,43
8.83E+17,2017-07-06T12:00:01Z,"Let Twenty Questions guess what youâ€™re thinking of! Just ask â€œAlexa, play Twenty Questions.â€ Find more skills here:â€¦ https://t.co/snnsRNdZyr",Entertainment,Basic,10,38
8.81E+17,2017-06-30T12:00:06Z,"Echo Show owners, ask Alexa to play the trailer for the movie Valerian to watch an exclusive clip of this summer'sâ€¦ https://t.co/RcWHolZcnw",Entertainment,Trivial,27,62
8.80E+17,2017-06-29T12:07:22Z,Expand your spidey senses. ðŸ¤”ðŸ•·ï¸ Just #AskAlexa to enable the Spider-Man skill. https://t.co/luPA80XCLo,Entertainment,Trivial,27,79
8.80E+17,2017-06-27T21:29:40Z,Fallon fans rejoice! Now Alexa can show you @FallonTonight on the new Echo Show! ðŸ‘Check out Jimmy's post to learn hâ€¦ https://t.co/WJLBP3Doyl,Entertainment,Trivial,22,34
8.79E+17,2017-06-26T22:32:24Z,#AskAlexa to enable Destination: #Dunkirk to start playing the new adventure game before the movie hits theaters onâ€¦ https://t.co/PeAI9fQuE9,Entertainment,Trivial,39,80
8.79E+17,2017-06-25T12:00:01Z,"Which battle took place on this day? Say, ""Alexa, ask This Day In History what happened on June 25th"" to find out.â€¦ https://t.co/yfo2kppwK1",Entertainment,Basic,6,20
8.78E+17,2017-06-23T21:36:55Z,"""Alexa, play Gay Pride Party play list on Amazon."" ðŸ³ï¸â€ðŸŒˆðŸŽ‰",Entertainment,Streaming,17,62
8.76E+17,2017-06-18T12:00:14Z,#HappyFathersDay to all the dads out thereâ€”even tiny furry ones. #CallDad with Alexa calling and messaging. https://t.co/zZSTqL8HSW,Social,Communication,9,29
8.75E+17,2017-06-15T19:19:42Z,"RT @amazonmusic: 7 tons, 79 feet tall, 22 feet around: Times Square, say hello to Alexa! https://t.co/HmVIS97G1E https://t.co/Fcz3EZRuVp",Promotional,Trivial,38,0
8.75E+17,2017-06-15T12:00:01Z,Enable the 'This Day in History' skill for Alexa to find out which great charter was sealed on this day. #AskAlexaâ€¦ https://t.co/Y8SNOvfBzr,Promotional,Basic,9,21
8.74E+17,2017-06-10T12:00:01Z,"The 71st Tony Awards are on June 11. Let Alexa help you celebrate the magic of musical theatre. #AskAlexa ""Give meâ€¦ https://t.co/gChMkUdGV6",Entertainment,Trivial,3,15
8.73E+17,2017-06-09T20:06:27Z,"RT @amazonmusic: Big news! @katyperry is guest host of Song of the Day all week. #AskAlexa, â€œPlay Song of the Dayâ€ to listen: https://t.co/â€¦",Entertainment,Streaming,114,0
8.72E+17,2017-06-06T23:23:15Z,"You asked, Alexa delivered. Introducing named timers, one of Alexaâ€™s most requested features. Set multiple timers wâ€¦ https://t.co/XNljij2peQ",Productivity,Basic,59,181
8.71E+17,2017-06-02T13:26:38Z,Boxes ðŸ“¦or briefs ðŸ“°? Alexa can track your packages and read your news briefs. Which do you ask for most? #AskAlexa,Productivity,Basic,9,21
8.70E+17,2017-06-01T12:00:00Z,Spelling kryptonite = that one word you can never remember how to spell. Alexa is here to help. What's yours? #spellingbee #askalexa,Productivity,Basic,3,15
8.65E+17,2017-05-18T14:03:22Z,"RT @audible_com: Calling all @amazonecho, Dot, and Tap owners: this month, hear two new #Bosch stories FREE when you #AskAlexa, ""Alexa, reaâ€¦",Entertainment,Basic,32,0
8.64E+17,2017-05-14T19:04:55Z,RT @amazon: As seen on SNL: An Echo designed for the greatest generation that will answer to any name close to Alexa ðŸ˜‚ https://t.co/uqN1FRTâ€¦,Promotional,Trivial,137,0
8.63E+17,2017-05-12T23:05:14Z,Introducing Alexa calling &amp; messaging. Keep in touch with friends &amp; family thru your Echo or the Alexa App.â€¦ https://t.co/KeRbS8pMAL,Social,Communication,59,95
8.63E+17,2017-05-12T18:03:08Z,RT @AmericanExpress: American Express announces the launch of the Amex skill for Amazon Alexa. Read More: https://t.co/PmZT9FPPN6 #amexnewsâ€¦,Productivity,Payment,29,0
8.63E+17,2017-05-11T23:00:02Z,"Whether you are near or far, celebrate Motherâ€™s Day by sending fresh flowers with the 1-800-Flowers skill for Alexaâ€¦ https://t.co/fDZ1bIrAIY",Productivity,Communication,2,7
8.62E+17,2017-05-09T22:30:58Z,"Enjoy interactive audio stories with Earplay for Alexa! Just say â€œAlexa, start Earplay.â€ Find more Alexa skills atâ€¦ https://t.co/AtLms2lQG5",Entertainment,Basic,19,40
8.62E+17,2017-05-09T15:19:18Z,"Echo Show â€“ everything you love about Alexa, and now she can show you things. #AskAlexa https://t.co/HtGY4bBG2yâ€¦ https://t.co/1MMprxZiSW",Promotional,Trivial,431,613
8.62E+17,2017-05-08T18:52:01Z,"Step into the shoes of Detective Harry Bosch with the Bosch skill for Alexa. Just say, â€œAlexa, open Bosch.â€â€¦ https://t.co/oeWIjY3w6l",Entertainment,Trivial,13,30
8.61E+17,2017-05-05T12:00:16Z,Happy Cinco de Mayo! You know what that means? Summer cocktail season is here! #AskAlexa https://t.co/NRWU82YSRd,Promotional,Trivial,12,19
8.60E+17,2017-05-03T23:40:13Z,RT @ecobee: Want to know more about the new #ecobee4 smart thermostat w/ built-in Alexa voice service? Read more from @buzzfeed https://t.câ€¦,Digital_Lifestyle,IoT,25,0
8.57E+17,2017-04-26T15:10:42Z,"RT @AmazonFashion: â€œAlexa, take a photo.â€ Introducing Echo Lookâ€”hands-free camera and style assistant.Request an invitation https://t.co/3jâ€¦",Social,Customization,317,0
8.57E+17,2017-04-24T12:06:01Z,"Fall asleep to the sounds of the Ocean. Just say â€œAlexa, open Ocean Sounds.â€ Find more Alexa skills atâ€¦ https://t.co/zky68ynZka",Entertainment,Streaming,27,92
8.55E+17,2017-04-21T12:00:51Z,There are life hacks and there are Alexa life hacks. #JustAsk Alexa https://t.co/YK4i8i4BQD,Promotional,Trivial,12,42
8.54E+17,2017-04-17T12:05:01Z,"Try the new and improved Jeopardy! skill for Alexa. Just say â€œAlexa, play Jeopardy!â€ Find more skills atâ€¦ https://t.co/SucD2FBllC",Entertainment,Basic,7,44
8.52E+17,2017-04-12T19:22:55Z,Place 3 orders w/ Grubhub skill for Alexa 3/15 â€“ 4/15 for chance to win 1 $500 Grubhub gift card. Rules:â€¦ https://t.co/dzUhoB5X8n,Promotional,Purchase,4,15
8.51E+17,2017-04-07T22:43:20Z,"RT @SHO_Shameless: Be #Shameless with your @AmazonEcho and @WilliamHMacy. To start, enable the @Showtime skill and say, â€œAlexa, talk to Shoâ€¦",Entertainment,Trivial,44,0
8.49E+17,2017-04-04T12:03:01Z,Order w/ Grubhub skill on device with Amazon Alexa 3/15â€“4/15 for chance to win 1 of 5 $100 Grubhub gift cards. Ruleâ€¦ https://t.co/TAvvp67SzM,,Purchase,18,14
8.48E+17,2017-04-01T20:00:01Z,Order with Pizza Hut skill using a device with Amazon Alexa 4/1 â€“ 4/3 &amp; receive 40% off! Terms &amp; conditionsâ€¦ https://t.co/804H5I8P97,Productivity,Purchase,7,15
8.48E+17,2017-03-31T17:37:56Z,"RT @JohnnieWalkerUS: Ask @AmazonEcho Alexa to enable the Johnnie Walker skill and enjoy
 guided Blue Label tasting. https://t.co/b3F7FedsGG",Promotional,Trivial,38,0
8.48E+17,2017-03-31T17:00:12Z,"Petlexa is here! Now your dog, cat, or favorite pet can communicate with Alexa just like you do. Check out theseâ€¦ https://t.co/osRKXQqUQ6",Promotional,Customization,552,989
8.48E+17,2017-03-31T12:00:02Z,Win up to 50 free Uber rides with Alexa! Ride with the Uber Skill between March 22 and April 21 for a chance to winâ€¦ https://t.co/mg5wwiSX3h,Digital_Lifestyle,Customization,10,13
8.46E+17,2017-03-25T14:43:34Z,"When you get carried away during the game in March, #JustAsk Alexa to bail you out. Echo Dot only $49.99â€¦ https://t.co/QRDXwZhzTm",Promotional,Purchase,8,14
8.45E+17,2017-03-24T12:00:01Z,Order with Pizza Hut skill using a device with Amazon Alexa 3/23 â€“ 3/26 &amp; receive 30% off! Terms &amp; conditionsâ€¦ https://t.co/BN6sKFdZJL,Productivity,Purchase,11,26
8.45E+17,2017-03-24T04:03:26Z,RT @HuaweiDeviceUSA: How to pamper your best friend on National Puppy Day? Watch what Amazon Alexa and Mate 9 will help together.https://t.â€¦,Promotional,Trivial,2,0
8.45E+17,2017-03-22T21:00:02Z,Win up to 50 free Uber rides with Alexa! Ride with the Uber Skill between March 22 and April 21 for a chance to winâ€¦ https://t.co/wCrW1jLUNq,Digital_Lifestyle,Purchase,6,18
8.45E+17,2017-03-22T17:21:34Z,"RT @HuaweiDeviceUSA: #Alexa has come to the #Mate9, and the best phone just got even better. Available now by over-the-air update: https://â€¦",Digital_Lifestyle,IoT,7,0
8.45E+17,2017-03-22T15:49:25Z,Alexa has finally come to the Mate 9. The best phone just got even better. Available now by over-the-air update.â€¦ https://t.co/bEpTSLJnxP,Digital_Lifestyle,IoT,12,26
8.44E+17,2017-03-21T14:05:01Z,Hands-free remote start for your electric @Ford vehicle with the new MyFord Mobile Alexa skill. #JustAsk https://t.co/9F6GVZroVp,Digital_Lifestyle,IoT,21,30
8.43E+17,2017-03-17T12:00:01Z,"Happy St. Patrick's Day! #JustAsk ""Alexa, give me a St. Patrick's Day Joke."" ""Alexa, tell me a limerick.""â€¦ https://t.co/yHLUGCHyni",Promotional,Trivial,11,31
8.42E+17,2017-03-14T14:05:01Z,Hands-free remote start for your electric @Ford vehicle with the new MyFord Mobile Alexa skill. #JustAsk https://t.co/lASM7jKBNW,Digital_Lifestyle,IoT,64,133
8.40E+17,2017-03-10T16:52:56Z,"Happy Birthday, Chuck Norris! #JustAsk ""Alexa, tell me a Chuck Norris fact."" https://t.co/Si6lTrdSm0",Promotional,Trivial,36,62
8.37E+17,2017-02-28T21:45:02Z,"Did I lock the front door? No worries. With Door Locks enabled with Alexa. #JustAsk ""Alexa, lock the front door.""â€¦ https://t.co/YoZAsZ9ZHX",Digital_Lifestyle,IoT,17,39
8.36E+17,2017-02-27T13:04:01Z,"Fall asleep with the relaxing Thunderstorm Sounds skill. ""Alexa, open Thunderstorm Sounds."" Enable the skill atâ€¦ https://t.co/Pxwke47DCA",Entertainment,Streaming,27,89
8.35E+17,2017-02-24T18:00:02Z,"Your Alexa connected thermostat is now more capable than ever! Set the temp and more. #JustAsk ""Alexa, what's the tâ€¦ https://t.co/AQZGobwDt8",Digital_Lifestyle,IoT,41,91
8.35E+17,2017-02-24T14:03:01Z,"Test your music knowledge with the Beat the Intro skill! To enable just say ""Alexa enable the Beat the Intro skill.â€¦ https://t.co/7txscqipbj",Entertainment,Trivial,14,39
8.34E+17,2017-02-20T17:34:29Z,"History happens every day! To find out what happened today #JustAsk: â€œAlexa, launch this day in history.""â€¦ https://t.co/zbWFHAYcpp",Promotional,Basic,18,44
8.33E+17,2017-02-18T04:00:01Z,"Let's go crazy. Prince's soulful &amp; funky brilliance is here. #JustAsk ""Alexa, play Prince from Amazon.""Learn more.â€¦ https://t.co/Aos9ueZTK7",Entertainment,Streaming,20,48
8.33E+17,2017-02-17T18:46:27Z,Introducing hands-free mode on Amazon Tap. Control music from a distance. Portable Bluetooth speaker with Alexa.â€¦ https://t.co/PwjMr8O8cu,Digital_Lifestyle,IoT,40,83
8.30E+17,2017-02-10T13:00:02Z,Ride from home &amp; work with the Uber skill. On an Amazon Alexa device say â€œAlexa enable the Uber skillâ€ &amp; link yourâ€¦ https://t.co/DqNaAIBhqb,Digital_Lifestyle,Customization,10,24
8.30E+17,2017-02-09T13:00:01Z,Order with the Pizza Hut skill on an Amazon Alexa device 2/9-2/16/2017 &amp; get 30% off! Terms &amp; conditionsâ€¦ https://t.co/IkeirxR7kV,Productivity,Purchase,17,35
8.29E+17,2017-02-07T17:17:38Z,"RT @Logitech: Bring #AmazonAlexa on the road, &amp; stay connected even more than before w/ #ZeroTouch, ðŸ‘-free. https://t.co/qXXQXf9CKh https:/â€¦",Digital_Lifestyle,IoT,47,0
8.28E+17,2017-02-06T03:16:23Z,"#JustAsk Alexa ""Has there ever been OT in the Super Bowl?"" https://t.co/fZV1t3sAnC",Promotional,Trivial,6,25
8.28E+17,2017-02-06T02:29:39Z,Doritos. Drones. Drama. The perfect recipe for the big game. #JustAsk Alexa #SB51 https://t.co/5sMvM5O6mU,Promotional,Trivial,221,401
8.28E+17,2017-02-05T23:47:13Z,Grab the tissues. Your girl just made the best play of the big game. #JustAsk Alexa. #SB51 https://t.co/wR4CYzk0EO,Promotional,Trivial,63,156
8.28E+17,2017-02-04T13:00:13Z,We all know a Todd. Now we all know how to make him go away. #JustAsk Alexa for an Uber. https://t.co/jaisq9qkMh,Productivity,Purchase,23,45
8.28E+17,2017-02-04T04:30:13Z,Thinking about a second helping? #JustAsk Alexa for calorie information and then dig in. https://t.co/pyOHaHmxcn,Promotional,Basic,33,79
8.28E+17,2017-02-03T22:00:13Z,Gesundheit is hard to say. Ordering from Pizza Hut isnâ€™t. #JustAsk Alexa https://t.co/0zxTNDXzap,Productivity,Purchase,35,74
8.28E+17,2017-02-03T17:20:28Z,"Celebrate #BHM. ""Alexa, Open Black History Facts. Alex, Tell Black History Facts from the 1960s"" More atâ€¦ https://t.co/g2c2u4FeIG",Promotional,Basic,11,28
8.27E+17,2017-02-02T13:00:01Z,Which animal made history today? Use the â€˜This Day in Historyâ€™ skill on Alexa to find historical events.#JustAsk.â€¦ https://t.co/TCompr0FdT,Promotional,Basic,12,35
8.25E+17,2017-01-28T08:00:01Z,"Alexa has new voice-exclusive deals for Prime members. 20% off many items. #JustAsk ""Alexa, what are your deals?""â€¦ https://t.co/TkvEDClgjy",Promotional,Purchase,13,31
8.25E+17,2017-01-26T23:14:30Z,"RT @jimmyfallon: Just launched our Tonight Show Alexa skill on @amazonecho! Find out who's on the show, listen to monologue, &amp; more! https:â€¦",Promotional,Trivial,264,0
8.25E+17,2017-01-26T18:35:02Z,The Ditty skill turns your messages into hit songs via Alexa. Link your Twitter account to share! Learn more atâ€¦ https://t.co/tGhMEFv73a,Entertainment,Customization,10,32
8.23E+17,2017-01-21T00:11:51Z,"Blast off with a new skill. #JustAsk â€œAlexa, enable NASA Mars skill.â€ then ""Alexa, ask NASA Mars for a Curiosity Roâ€¦ https://t.co/uO5QpdrEee",Promotional,Trivial,41,136
8.20E+17,2017-01-13T19:56:00Z,"â€œAlexa, give me a Friday the 13th fact.â€",Promotional,Trivial,17,61
8.20E+17,2017-01-13T17:27:55Z,Itâ€™s Game Night with Alexa. Try these games to entertain your friends and family this weekend.â€¦ https://t.co/5QQ9hXnJlJ,Entertainment,Basic,34,60
8.19E+17,2017-01-09T20:12:34Z,"New year, new you. Get your health in gear with help from Alexa skills. The 7-Minute Workout skill. ""Alexa, enablâ€¦ https://t.co/duxxXkHd8R",Promotional,Basic,20,80
8.17E+17,2017-01-05T22:40:46Z,RT @Ford: #Ford and @Amazon are working together to connect #AmazonEcho with your car. Find out what you can do. #Alexa https://t.co/eS4jTFâ€¦,Digital_Lifestyle,IoT,121,0
8.16E+17,2017-01-04T00:53:29Z,What's Alexa up to at CES? Here's a running list https://t.co/ufaM9xWuiL via @CNET_Uk,Promotional,Trivial,44,74
8.16E+17,2017-01-03T19:48:27Z,"RT @DISHNews: Keep hold of your phone and popcorn while watching TV, and ask #Alexa to change the channel for you! #CES2017 https://t.co/Crâ€¦",Digital_Lifestyle,IoT,39,0
8.12E+17,2016-12-23T21:45:51Z,"From now until Jan. 3, 2017, Alexa customers can listen to a holiday classic for free. #JustAsk ""Alexa, read A Chriâ€¦ https://t.co/uEADHyLCdW",Entertainment,Basic,90,171
8.12E+17,2016-12-23T17:00:02Z,Want to discover what else Alexa can do? Check out our Alexa guide for even more examples of things to try.â€¦ https://t.co/ZOqLpUVTxp,Promotional,Customization,53,135
8.12E+17,2016-12-23T16:58:56Z,The Alexa Skills Store is pleased to share the top customer picks for Alexa skills this year. Check it out!â€¦ https://t.co/coSOGp1Vit,Promotional,Customization,38,102
8.12E+17,2016-12-23T13:00:13Z,"#JustAsk ""Alexa, turn off the lights!"" https://t.co/gE8go9tZvX",Productivity,Basic,33,64
8.11E+17,2016-12-19T17:23:34Z,"#JustAsk ""Alexa, set the temperature to 30 degrees."" https://t.co/UcNQuK1nEy",Digital_Lifestyle,IoT,17,37
8.10E+17,2016-12-17T00:25:33Z,"Traveling? â€œAlexa, enable Expedia skill,â€ then link your Expedia account. #JustAsk: â€œAlexa, ask Expedia, when is myâ€¦ https://t.co/5btFb0pmJe",Productivity,Customization,14,34
8.07E+17,2016-12-09T20:45:01Z,RT @generalelectric: Soon youâ€™ll be able to ask your lamp for the weather. Introducing our @GELighting LED lamp with @amazonechoâ€™s Alexa. hâ€¦,Digital_Lifestyle,IoT,72,0
8.07E+17,2016-12-07T17:58:29Z,Tweet @amazonecho + a hashtag below to see what Alexa can do. Be sure to try them all too! #GiveMeALifeHackâ€¦ https://t.co/0ahpUuVMfr,Promotional,Trivial,372,1372
8.06E+17,2016-12-06T02:19:23Z,"RT @NBCTheVoice: Wouldnâ€™t it be great to sit and chat with the #VoiceTop8? Just say â€œAlexa, open The Voiceâ€ and enjoy #TheVoice Echo Cast.â€¦",Entertainment,Trivial,98,0
8.06E+17,2016-12-06T00:42:16Z,"RT @TheDailyShow: Keep up with The Daily Show on @AmazonEcho. Enable The Daily Show skill and #AskAlexa: ""Alexa, ask The Daily Show for newâ€¦",Entertainment,Trivial,71,0
8.06E+17,2016-12-05T19:20:34Z,Tweet @amazonecho + a hashtag below to see what Alexa can do. Be sure to try them all too! #GiveMeALifeHackâ€¦ https://t.co/BkdiAsxPlP,Promotional,Trivial,147,411
8.02E+17,2016-11-23T20:00:50Z,Shop Alexa-exclusive deals for a chance to win an https://t.co/4wNoxkdwGW Gift Card. (U.S. only). https://t.co/i6VcPpFHIm,Productivity,Shopping,24,20
8.01E+17,2016-11-22T02:05:18Z,"RT @NBCTheVoice: Want to get up-close-and-personal with the Top 11? Just say â€œAlexa, open The Voiceâ€ and enjoy #TheVoice Echo Cast. @Amazonâ€¦",Entertainment,Trivial,75,0
7.99E+17,2016-11-16T22:17:20Z,"RT @NBCTheVoice: You decide what @JordanSmithLive sings on #TheVoice next week. Just say â€œAlexa, open the Voice."" Powered by @AmazonEcho. ðŸŽ„â€¦",Entertainment,Trivial,127,0
7.98E+17,2016-11-15T02:54:58Z,"RT @NBCTheVoice: Here are highlights from the first Echo Cast with the #VoiceTop12. Just say â€œAlexa, open The Voiceâ€ to hear more. Poweredâ€¦",Entertainment,Trivial,152,0
7.96E+17,2016-11-09T16:17:36Z,"Is your Twitter feed full of election night recaps? Enable the Twitter Reader skill and ask ""Alexa, ask Twitter whaâ€¦ https://t.co/AOAmHlLA4B",Promotional,Customization,8,35
7.96E+17,2016-11-09T03:00:01Z,"Just ask ""Alexa, who's winning the election?"" https://t.co/nLqSiaIxdD",Promotional,Trivial,6,26
7.96E+17,2016-11-09T01:00:02Z,"Get real-time election results throughout the night as polls close. Just ask ""Alexa, who's ahead in Florida?"" Or anâ€¦ https://t.co/n9BtDdffv8",Promotional,Trivial,9,29
7.96E+17,2016-11-07T23:22:55Z,Alexa just turned two. Celebrate Alexaâ€™s 2nd birthday and save 22% on Echo! Get yours for $140.39.â€¦ https://t.co/oApvGkek0Q,Promotional,Trivial,20,54
7.95E+17,2016-11-06T18:00:02Z,"Alexa turns two today. Celebrate the big day with us: Just ask ""Alexa, what are you doing for your birthday?"" https://t.co/XakaTuXlsc",Promotional,Trivial,56,132
7.95E+17,2016-11-05T17:00:16Z,"#JustAsk Alexa to help you keep Roboboy on his feet. Get shopping, music, weather and more with the all-new Echo Doâ€¦ https://t.co/FQcgsGoWAq",Promotional,Trivial,5,19
7.95E+17,2016-11-04T19:00:01Z,Personalize Alexa with skills! See ratings and reviews for 3000+ skills to simplify your life.â€¦ https://t.co/yOqQLUIwHd,Promotional,Customization,23,52
7.95E+17,2016-11-04T17:00:09Z,You can never be too shameless when it comes to eating canned cheese. #JustAsk Alexa to play your favorite Garth Brâ€¦ https://t.co/DdEw4NeOFx,Promotional,Trivial,20,56
7.94E+17,2016-11-03T23:00:16Z,"#JustAsk Alexa and @Dominos can save the day. Get shopping, music, weather and more with the all-new Echo Dot for jâ€¦ https://t.co/tDKD7a06Dt",Promotional,Purchase,15,26
7.94E+17,2016-11-03T15:00:02Z,"Norah Jones breaks down her new album and lets you in on some secrets. Just ask, â€œAlexa play Side by Side with Noraâ€¦ https://t.co/owh1OFoioi",Entertainment,Streaming,6,23
7.94E+17,2016-11-02T23:00:17Z,"#JustAsk Alexa to keep track of your exercise, get information, play music, and more with the Amazon Echo. https://t.co/VboKp9rZYr",Productivity,Basic,17,36
7.94E+17,2016-11-01T23:00:15Z,"Be prepared and #JustAsk Alexa. Get weather, information, music and more with the all-new Echo Dot for just $49.99. https://t.co/UBV8uNufKq",Productivity,Basic,23,39
7.93E+17,2016-11-01T15:00:07Z,"Lounge right with your Amazon Echo and a Harmony hub. Enable the Harmony skill, link your account, then ask â€œAlexa,â€¦ https://t.co/XQAR2cZtgt",Entertainment,Customization,17,42
7.93E+17,2016-10-31T17:00:08Z,"Order stuff anytime, night or day. Add Alexa to any room with Echo Dot for only $49.99. #JustAsk https://t.co/gn6k1Jo26X",Productivity,Purchase,7,20
7.92E+17,2016-10-28T19:00:02Z,"If you need a last-minute costume idea, Alexa is here for you. Just ask ""Alexa, what should I be for Halloween?"" https://t.co/zwfLex4T1S",Promotional,Trivial,12,36
7.90E+17,2016-10-22T17:00:02Z,"Want to listen to #MLB playoffs? Ask: ""Alexa, enable MLB"" to enable and link your At Bat Premium orâ€¦ https://t.co/RhEL361RUn",Entertainment,Customization,3,10
7.90E+17,2016-10-21T22:00:01Z,"Just ask ""Alexa, ask What to Expect for my daily tip"" to get daily personalized pregnancy and parenthood pointers. https://t.co/nWspR9paGg",Promotional,Trivial,5,7
7.90E+17,2016-10-21T17:00:01Z,"Do you live for fantasy football updates? Just ask ""Alexa, enable Yahoo Fantasy Football skill"" to get weekly matchâ€¦ https://t.co/qpR5Jm3GEZ",Entertainment,Basic,7,12
7.89E+17,2016-10-19T23:27:21Z,"Just ask ""Alexa, play Garth Brooks from Amazon Music."" https://t.co/FSrbn8Nl9b",Entertainment,Basic,7,7
7.87E+17,2016-10-15T17:30:04Z,Thinking about a second helping? #JustAsk Alexa for calorie information and then dig in. https://t.co/0z3WJS1TCt,Productivity,Basic,19,35
7.87E+17,2016-10-14T21:00:00Z,"Get news about your favorite team: ""Alexa, what's my Sports Update?"" #AskAlexa",Entertainment,Basic,1,6
7.87E+17,2016-10-13T15:00:05Z,It takes some serious muscles to open jars. Luckily you can #JustAsk Alexa to find nearby gyms. https://t.co/5vnzcQyhNo,Productivity,Basic,11,34
7.86E+17,2016-10-12T21:00:02Z,"Listen to 12 new children's songs from Amy Lee of Evanescence. Just ask: â€œAlexa, play Dream Too Much from Prime.â€ https://t.co/3L0E5fHvRH",Entertainment,Streaming,8,36
7.86E+17,2016-10-11T23:58:07Z,RT @invoxia: Use the voice-enabled features of Alexa on Triby to get the timing right every time. https://t.co/KVcoO8m1rP,Digital_Lifestyle,IoT,3,0
7.86E+17,2016-10-11T19:00:05Z,Bandages heal all wounds but they donâ€™t always look classy. #JustAsk Alexa to order tape and more. https://t.co/1KxFM3ry0v,Productivity,Purchase,5,19
7.86E+17,2016-10-10T19:00:01Z,"Black never goes out of styleâ€”but white is always fresh. To order the new white Echo, just ask: ""Alexa, order a whiâ€¦ https://t.co/Svru7kJxs7",Promotional,Purchase,30,55
7.86E+17,2016-10-10T17:24:11Z,"Caffeinate your ears with these up-tempo alternative jams. Just ask: â€œAlexa, play Alternative Energy Booster from Pâ€¦ https://t.co/LuOY58Cdpv",Entertainment,Streaming,3,25
7.86E+17,2016-10-10T15:00:01Z,"Just ask ""Alexa, ask Uber for a ride."" The new upgrade IDs where you live and work, so you can relax with the newspâ€¦ https://t.co/j9sDmltbsH",Digital_Lifestyle,Purchase,7,8
7.85E+17,2016-10-09T20:02:48Z,Want to get away? #JustAsk Alexa to score airline tickets from @KAYAK . All-new Echo Dot for only $49.99. https://t.co/m7bhXUT1dQ,Productivity,Purchase,36,41
7.84E+17,2016-10-06T22:00:26Z,Cracking a coconut is difficult. Ordering coconut water with Alexa is easy. #JustAsk https://t.co/EC9I8hTrGa,Productivity,Purchase,12,33
7.81E+17,2016-09-27T23:05:45Z,"Need a fun break from the political banter? Just ask, â€œAlexa, who are you voting for?â€",Promotional,Trivial,13,50
7.81E+17,2016-09-26T23:56:01Z,"Want to hear more from the candidates? Ask ""Alexa, play CNN on TuneIn"" to listen to the debates. https://t.co/0SKl3XvK9j",Entertainment,Streaming,15,30
7.79E+17,2016-09-23T19:40:25Z,RT @FoodNetwork: Want to make dishes you see on @FoodNetwork? Enable our @AmazonEcho Skill and #AskAlexa: https://t.co/EgE9xorfyr. https://â€¦,Entertainment,Customization,26,0
7.78E+17,2016-09-19T15:00:02Z,"Get set for #TalkLikeAPirateDay. #JustAsk: ""Alexa, tell me a pirate joke."" https://t.co/6wnfktpuul",Promotional,Trivial,19,23
7.77E+17,2016-09-17T17:00:00Z,"Are you ready for awards night? #AskAlexa ""Who will win an #Emmy""?",Promotional,Trivial,2,16
7.76E+17,2016-09-14T12:33:53Z,Say hello to the all-new Echo Dot. Add Alexa to any room for only $49.99. #JustAsk https://t.co/MGIXnfBwHc https://t.co/cOh5x8joNP,Promotional,Trivial,169,269
7.74E+17,2016-09-09T23:50:24Z,"Get FREE 2-hour delivery with Alexa on gift cards and select Amazon devices. Just say, â€œAlexa, order a $25 gift card.â€",Promotional,Purchase,9,21
7.68E+17,2016-08-23T23:15:42Z,"Alexa may not be able to see, but knows what looks good. #JustAsk https://t.co/WiuzVe8U09",Promotional,Trivial,4,10
7.66E+17,2016-08-18T14:44:15Z,Too hot. Too cold. @Honeywell_Home Lyric Thermostat makes it easy to compromise. #AskAlexa https://t.co/OYj8nWf9Z7,Digital_Lifestyle,IoT,41,109
7.66E+17,2016-08-17T00:53:55Z,"â€œAlexa, tell me a joke about the Olympics.â€ #NationalTellAJokeDay #AskAlexa",Promotional,Trivial,7,14
7.63E+17,2016-08-09T23:15:40Z,Calling all Alexa users! Tell us your favorite Alexa skills in the comments below. https://t.co/RTHIhLUMlW,Promotional,Trivial,44,152
7.63E+17,2016-08-09T19:26:47Z,RT @CapitalOne: Pay your Capital One bill w/o lifting a finger. Enable the Capital One Skill &amp; #AskAlexa. https://t.co/QqkxsyRXdA https://tâ€¦,Productivity,Purchase,28,0
7.61E+17,2016-08-04T00:00:17Z,Decided to try out for the Olympics? Alexa can help. #AskAlexa https://t.co/4Ud23pFHUT,Promotional,Trivial,11,17
7.61E+17,2016-08-02T15:00:00Z,"Secure your home with an August lock and Connect hub; enable the skill and ask â€œAlexa, ask August to lock the front door.â€ #AskAlexa",Digital_Lifestyle,IoT,6,8
7.60E+17,2016-07-30T22:00:00Z,"Your new favorite station is here. Enable Prime Music and ask â€œAlexa, play the Summer Vibes station from Prime.â€ #AskAlexa",Entertainment,Streaming,6,35
7.59E+17,2016-07-29T21:00:01Z,"Alexa is always learning, but can always learn more. What new skill would you add? https://t.co/UQEtAsZvdJ",Promotional,Trivial,34,63
7.59E+17,2016-07-29T18:00:00Z,"Looking for a friendly tip? Say â€œAlexa, good afternoon.â€ #AskAlexa",Promotional,Trivial,5,13
7.59E+17,2016-07-29T01:00:00Z,RT @KatieLinendoll: The future is here! ðŸ˜† Real-time info of your @CapitalOne accounts &amp; status on home &amp; auto loans - just #AskAlexa #ad htâ€¦,Productivity,Purchase,21,0
7.58E+17,2016-07-27T18:00:14Z,The answer is never out of reach with Alexa. #AskAlexa https://t.co/3h0byDkiyT,Promotional,Basic,5,15
7.58E+17,2016-07-26T19:00:00Z,"Ask â€œAlexa, enable @TheDailyShow skillâ€ to get news or information on this weekâ€™s guests. #AskAlexa",Productivity,Basic,13,32
7.58E+17,2016-07-25T14:00:00Z,"Donâ€™t miss out on important news on a Monday. Ask â€œAlexa, play Morning Edition on TuneInâ€ #AskAlexa",Productivity,Basic,4,15
7.57E+17,2016-07-22T22:00:00Z,"Is your day a little ruff? Ask â€œAlexa, tell me a dog joke.â€ #AskAlexa",Productivity,Trivial,4,15
7.56E+17,2016-07-21T16:49:33Z,"RT @TheDailyShow: Check us out on @AmazonEcho. Enable The Daily Show skill to #AskAlexa for news, upcoming guests, and more.",Promotional,Basic,25,0
7.56E+17,2016-07-19T19:58:09Z,"Weird noises? Ask ""Alexa, who are you gonna call?"" #AskAlexa https://t.co/8KxeaLKrQD",Promotional,Trivial,8,22
7.54E+17,2016-07-15T19:06:07Z,"Alexa is quick with the quips. Just ask â€œAlexa, tell me a political joke.â€ #AskAlexa",Promotional,Trivial,9,16
7.53E+17,2016-07-13T20:44:59Z,"Tickets to Hamilton might be hard to get but the music is so close. Just ask ""Alexa play Hamilton from Prime."" @Lin_Manuel #AskAlexa",Entertainment,Streaming,7,26
7.53E+17,2016-07-13T04:16:50Z,"Brand new deals just added! Just ask: â€œAlexa, order Adele on vinyl.â€ Or, â€œAlexa, order Hamilton.â€ #PrimeDay",Entertainment,Purchase,4,14
7.51E+17,2016-07-08T15:48:00Z,Alexa is ready for #PrimeDay -- are you? Shop with Alexa between now and 7/12 to get a $10 discount off your first eligible order over $20.,Promotional,Purchase,18,38
7.51E+17,2016-07-06T14:09:14Z,RT @KINDSnacks: On their way! @amazonecho #AskAlexa https://t.co/0wFCaZpJsz,Productivity,Purchase,7,0
7.51E+17,2016-07-06T14:05:00Z,"Hungry? Get more of your favorite snacks from Alexa. Just ask: â€œAlexa, order KIND bars.â€ #AskAlexa @kindsnacks",Productivity,Purchase,6,8
7.50E+17,2016-07-05T15:09:00Z,We've made shopping even easier! #AskAlexa to order the item you want and she'll suggest something that ships with Prime.,Productivity,Purchase,9,17
7.50E+17,2016-07-04T14:08:00Z,"Celebrate the stars and stripes with Alexa. Just ask: â€œAlexa, tell me a Fourth of July joke."" #AskAlexa",Promotional,Trivial,6,15
7.49E+17,2016-07-01T20:15:00Z,"Weekend plans: jam out to the most popular Prime Music playlists on Alexa. ""Alexa, play Breezy Summer Classics from Prime."" #AskAlexa",Entertainment,Streaming,8,23
7.48E+17,2016-06-29T20:18:00Z,#DYK there are sharks that need to move constantly to keep breathing? Enable #SharkWeek skill on Alexa for more great facts from @Discovery,Entertainment,Basic,10,42
7.48E+17,2016-06-29T16:00:00Z,We're excited to roll out a new and improved Alexa app making it easier to discover new skills. Open the app and try a new skill today.,Promotional,Customization,18,52
7.48E+17,2016-06-28T20:22:05Z,Itâ€™s hot out there! Alexa can make it easy to adjust your @Honeywell_Home Total Connect Comfort thermostat. https://t.co/AkxmiAzuoA,Digital_Lifestyle,IoT,28,112
7.48E+17,2016-06-28T15:32:00Z,"Using skills on Alexa just got easier. Now you can quickly enable a new skill with your voiceâ€”just say: â€œAlexa, enable Jeopardy.â€ #AskAlexa",Promotional,Customization,42,62
7.48E+17,2016-06-27T22:17:00Z,"Still reeling from the final @GameOfThrones episode ðŸ˜­ Relive some of your fav moments w/ Alexa. ""Alexa, give me a #GameofThrones quote.""",Entertainment,Trivial,3,13
7.46E+17,2016-06-22T19:05:11Z,"Alexa's ready for anything. Just ask: â€˜Alexa, whatâ€™s the weather in Virginia Beach?â€™ Hope you packed your shades! https://t.co/Rbtq8bJ8jG",Productivity,Basic,6,13
7.44E+17,2016-06-16T20:05:00Z,"The new @PGATOUR skill tracks your favorite golfers. Enable the skill and ask, ""Alexa, ask PGA Tour how @JordanSpieth is doing."" #AskAlexa",Entertainment,Basic,2,9
7.44E+17,2016-06-16T18:57:57Z,"Celebrate summer w/ this Amazon Music Original playlist of seasonal classics. Just ask: ""Alexa, play Songs of Summer from Prime."" #AskAlexa",Entertainment,Streaming,3,20
7.42E+17,2016-06-13T16:08:21Z,"Get ready for all your summer events w/ the 7-Minute Workout on Alexa. Enable the skill and ask: ""Alexa, start 7-Minute Workout."" #AskAlexa",Productivity,Basic,2,25
7.41E+17,2016-06-10T19:33:03Z,"Enable the @nutritionix skill to get healthier w/ Alexa. ""Alexa, ask Food Tracker how much fat is in a bagel and cream cheese."" #AskAlexa",Productivity,Basic,18,49
7.40E+17,2016-06-06T14:30:09Z,"Revisit the gnarliest of decades by rocking out with some great '80s tunes. â€œAlexa, play 50 Great '80s Rock Songs from Prime.â€ #AskAlexa",Entertainment,Streaming,21,28
7.39E+17,2016-06-03T22:07:46Z,RT @PGATOUR: Got an @AmazonEcho? Get the latest scores and player updates from our new PGA TOUR Alexa skill. https://t.co/ZpaPXGAAnp,Entertainment,Basic,25,0
7.39E+17,2016-06-03T17:25:39Z,"Meet Pebble Core, the first Alexa #wearable with 3G that letâ€™s you take music, weather and more on your run. https://t.co/5xz5ZAEgmD",Digital_Lifestyle,IoT,44,86
7.39E+17,2016-06-02T21:16:22Z,RT @Jeopardy: Own a @Amazon Echo device? Use the Alexa companion app to play a game of J!6 and check out the new clues every day. https://tâ€¦,Entertainment,Basic,4,0
7.38E+17,2016-06-01T15:03:00Z,"Say it and spray it with the new @_Rachio sprinkler skill. Enable the skill and ask: ""Alexa, tell Rachio to start Zone One for six minutes.""",Digital_Lifestyle,IoT,13,21
7.38E+17,2016-05-31T15:57:28Z,"Alexa can help you keep up with all the new skills being added every week. Just ask: ""Alexa, what new skills have you learned?"" #AskAlexa",Promotional,Customization,34,56
7.36E+17,2016-05-26T14:31:00Z,"Excited about @ScrippsBee? Alexa can help you spell all the #SpellingBee wordsâ€”just ask: ""Alexa, how do you spell 'pulchritude'?"" #AskAlexa",Entertainment,Basic,4,12
7.36E+17,2016-05-25T14:30:00Z,"Try the Alexa-exclusive ""90 Seconds with Slate,"" an update on culture and politics from @Slate. Add it to your Flash Briefing in the app.",Productivity,Basic,9,17
7.35E+17,2016-05-24T14:29:00Z,"Looking for more tips? Add ""Alexa Things to Try"" to your Flash Briefing (Alexa App&gt;Settings) and ask: ""Alexa, what's my Flash Briefing?""",Productivity,Basic,11,21
7.34E+17,2016-05-21T17:56:00Z,"Need a mellow, indie playlist to match your weekend vibes? Just ask: ""Alexa, play Coffee Shop Alternative from Prime."" #AskAlexa",Entertainment,Streaming,6,26
7.33E+17,2016-05-19T15:22:00Z,"Alexa can make any morning routine more fun with daily inspiration or a fun fact. Just try: â€œAlexa, good morning.â€ #AskAlexa",Promotional,Basic,18,38
7.33E+17,2016-05-18T14:20:00Z,"Expecting packages from Amazon? No need to grab your phone or computer to get a status updateâ€“just ask, â€œAlexa, whereâ€™s my stuff?"" #AskAlexa",Promotional,IoT,14,26
7.33E+17,2016-05-17T14:17:00Z,"If you have @AlarmDotCom smart home system, the new Alexa skill can arm your security system, check your locks and control your thermostats.",Digital_Lifestyle,IoT,23,28
7.32E+17,2016-05-16T17:04:00Z,"Want to send flowers to a friend? Alexa can help. Enable the 1-800-Flowers skill and ask: ""Alexa, ask 1-800-Flowers to send Kate flowers.â€",Productivity,Purchase,7,12
7.32E+17,2016-05-14T15:33:00Z,"Syfy fans, we've got you covered. Enable the skill and ask: ""Alexa, ask Syfy, what happens in the next episode of â€™12 Monkeysâ€™?â€ #AskAlexa",Entertainment,Basic,1,6
7.31E+17,2016-05-13T15:01:00Z,Alexa can help you throw some pretty epic dance parties â€“ of both the human and robot variety. https://t.co/RY9X2EMuXS #AskAlexa,Entertainment,Streaming,7,37
7.31E+17,2016-05-12T14:05:00Z,"Find todayâ€™s most popular pop artists all in one spot. Just ask: â€œAlexa, play the Top Pop station in Prime Music."" #AskAlexa",Entertainment,Streaming,4,17
7.30E+17,2016-05-10T17:03:00Z,"Wondering where to go on your next trip? â€œAlexa, ask @KAYAK, where can I go for $600?â€ #AskAlexa",Productivity,Basic,14,15
7.26E+17,2016-04-29T13:03:00Z,Fans of @NBCTheVoice rejoice: Alexa has exclusive updates from Season 7â€™s @MattMcAndrew. Add â€œInside The Voiceâ€ to your Flash Briefing today,Entertainment,Trivial,13,35
7.26E+17,2016-04-28T15:43:50Z,RT @invoxia: Guess what?! @Amazon #Alexa is now available on #Triby! Check it out: https://t.co/sUMtADRtAQ #JustAskTriby https://t.co/aypwOâ€¦,Promotional,Customization,7,0
7.26E+17,2016-04-28T15:30:16Z,"Meet the new Triby. Alexa is branching out to bring families even closer together: https://t.co/FPnoGD5LGl
 https://t.co/qxvEwLttLe",Promotional,Customization,29,45
7.25E+17,2016-04-25T15:05:00Z,"Crazy busy this week? Alexa can help by adding events to your Google Calendar. Just ask: â€œAlexa, add an event to my calendar.â€ #AskAlexa",Productivity,Basic,22,35
7.24E+17,2016-04-22T20:27:53Z,"Happy #EarthDay. Alexa has some ideas on how to honor the planetâ€”just ask: â€œAlexa, what can I do for Earth Day?â€ #AskAlexa",Promotional,Trivial,6,15
7.23E+17,2016-04-20T14:13:01Z,African Grey parrot Tyeena loves Alexa. Tweet us a photo w/ #AskAlexa if you have a pet that likes hanging w/ Alexa https://t.co/5ctjIRFEnt,Promotional,Trivial,9,26
7.23E+17,2016-04-19T16:12:17Z,"Get ready for #Coachella w/ music from artists on this yearâ€™s line-up. To listen, ask: â€œAlexa, play the Coachella playlist in Prime Music.â€",Entertainment,Streaming,12,18
7.22E+17,2016-04-17T15:28:00Z,"Today is International Haiku Poetry Day. Celebrate it with Alexaâ€”just ask: â€œAlexa, give me a haiku.â€ #AskAlexa",Promotional,Basic,14,20
7.21E+17,2016-04-15T16:28:29Z,"Sink backed up? Just enable the HomeAdvisor skill in your Alexa App, then ask: â€œAlexa, ask HomeAdvisor to find me a plumber.â€ #AskAlexa",Productivity,Customization,9,13
7.21E+17,2016-04-15T16:20:29Z,"â€œAlexa, play the Near Catastrophe playlist in Prime Music.â€ #AskAlexa https://t.co/0ZYKXlNW2T",Entertainment,Streaming,1,8
7.21E+17,2016-04-14T14:38:00Z,"Are your kids studying planets and space in school? Alexa can help. Just ask, â€œAlexa, how far is Pluto in light years?â€ #AskAlexa",Promotional,Basic,11,22
7.20E+17,2016-04-13T14:26:00Z,Alexa is a hip hop fan. Find out how @therealmix partners with Alexa in the studio: https://t.co/xbJrs5vw6E via @GeekWire,Entertainment,Trivial,9,11
7.20E+17,2016-04-12T19:58:32Z,"April is #NationalPoetryMonth and Alexaâ€™s getting into the literary spirit w/ a new poem every day. â€œAlexa, what is todayâ€™s poem?â€ #AskAlexa",Entertainment,Streaming,11,10
7.20E+17,2016-04-11T16:29:51Z,"RT @Lutron: ""Alexa, dim the lights."" The @Lutron App for CasÃ©ta Wireless now works with @AmazonEcho. #AskAlexa https://t.co/8NVPyHOP8c",Digital_Lifestyle,IoT,10,0
7.20E+17,2016-04-11T14:35:00Z,"Pop-rock nerds @Weezer just released their 10th studio album. Listen now: â€œAlexa, play Weezerâ€™s â€˜White Albumâ€™ from Primeâ€ #AskAlexa",Entertainment,Streaming,4,13
7.19E+17,2016-04-09T15:55:00Z,"Alexaâ€™s a great partner for exploring the world of math and science. Just ask: â€œAlexa, how hot is the sun?â€ #AskAlexa",Promotional,Basic,15,25
7.19E+17,2016-04-08T17:49:06Z,Alexa just might surprise you. This is technically possible with @IFTTT rules: https://t.co/1uSvt5CQ49 #justsaying https://t.co/Tl8N5IBwpt,Promotional,Trivial,9,19
7.19E+17,2016-04-08T16:21:31Z,"Kick back and relax. Alexa can now control your lights with the @Lutron App for CasÃ©ta Wireless. #AskAlexa
 https://t.co/2RoVgZizCa",Digital_Lifestyle,IoT,63,164
7.17E+17,2016-04-05T16:12:35Z,"Are you in the dark? Alexa and @LIFX can fix that for you. Just ask, â€œAlexa, turn on the hallway light.â€ #AskAlexa https://t.co/GaEMeO9zVl",Digital_Lifestyle,IoT,18,30
7.17E+17,2016-04-04T23:31:37Z,RT @JeremyOlenski: When bae gets jealous of Alexa @amazonecho #AskAlexa #ad https://t.co/ZFAUpYh0NL,Promotional,Trivial,7,0
7.17E+17,2016-04-04T22:35:26Z,"Are you tuning in for the final basketball game tonight? Alexa has a prediction on winners. ""Alexa, who will win March Madness?"" #AskAlexa",Promotional,Basic,3,15
7.17E+17,2016-04-04T17:58:49Z,RT @JeremyOlenski: That moment when you realize Alexa is your best friend @amazonecho #AskAlexa #ad https://t.co/Y8XxYd1z5a,Promotional,Trivial,8,0
7.17E+17,2016-04-04T14:49:00Z,Mondays are hard but they don't have to be. Set your alarm to wake up with Alexa @alecbaldwin @MissyElliott @DanMarino and #jasonschwartzman,Productivity,Basic,3,13
7.17E+17,2016-04-04T03:22:59Z,"RT @TreyNKennedy: I asked Alexa where the cool spots are in Houston. See where she sent me! Follow ""Amazon"" on Snap ðŸ‘» #AmazonEcho #ad httpsâ€¦",Productivity,Customization,4,0
7.16E+17,2016-04-02T23:07:03Z,"RT @steve21smith: Alexa, ask Fitbit how many steps Iâ€™ve taken today. #SheRoundsDown @amazonecho #marchmadness https://t.co/AtZVdDRuKF httpsâ€¦",Digital_Lifestyle,Basic,3,0
7.16E+17,2016-04-02T22:47:20Z,Alexa is at the Final Four. Follow her and @treynkennedy on snapchat ðŸ‘» @Amazon https://t.co/Go8cEbHlBS,Promotional,Trivial,3,21
7.16E+17,2016-04-01T17:15:00Z,"What pranks do you have planned for #AprilFools? If you need inspiration, Alexa can help. â€œAlexa, what are some good pranks?â€ #AskAlexa",Promotional,Trivial,8,19
7.16E+17,2016-04-01T14:08:00Z,"Alexa can now make your mornings a little easier with repeating alarms. â€œAlexa, set a repeating alarm for weekdays at 8.â€ #AskAlexa",Productivity,Basic,13,55
7.16E+17,2016-03-31T20:20:57Z,"Wondering when your team plays in the #FinalFour? Just ask, ""Alexa, when do the Syracuse Orange play next?"" #AskAlexa #MarchMadness",Productivity,Basic,5,9
7.16E+17,2016-03-31T17:21:08Z,"Alexa can help you stock up on all the new #DashButtons. Just ask, â€œAlexa, order a @RedBull Dash Button.â€ #AskAlexa https://t.co/KogDiy5cF0",Digital_Lifestyle,Purchase,11,26
7.16E+17,2016-03-31T15:31:43Z,Alexa misses you too. But now you can take her with you on the road with the new Amazon Tap: https://t.co/OgFm7GkM5O https://t.co/chnrs36vY8,Promotional,IoT,5,17
7.15E+17,2016-03-30T19:46:05Z,RT @GabrielConte: That friend that always goes too hard! #AskAlexa @amazonecho #ad https://t.co/hEkMCqyW2X,Promotional,Trivial,513,0
7.15E+17,2016-03-29T22:40:06Z,RT @nest: Roger that Alexa. Control your Nest with one command; @AmazonEcho now #WorksWithNest. https://t.co/C5CcBLuxQ8 https://t.co/EGc2aoâ€¦,Digital_Lifestyle,IoT,32,0
7.13E+17,2016-03-25T17:13:04Z,"""Alexa, set my @Nest to 70Â degrees.â€ ðŸ ðŸ #AskAlexa https://t.co/s0a7oZoIMK",Digital_Lifestyle,IoT,28,82
7.13E+17,2016-03-25T00:27:27Z,"Are you ordering ðŸ•ðŸ•ðŸ• for the games tonight? Echo makes it simple: ""Alexa, ask @Dominos for my easy order"" #AskAlexa https://t.co/KYHdfQ7Zpv",Productivity,Purchase,7,10
7.13E+17,2016-03-24T20:48:17Z,"By hunting messages that Alexa has hidden away, you can celebrate Easter all year long. Try, â€œAlexa, rap for me."" #AskAlexa",Promotional,Trivial,15,25
7.11E+17,2016-03-18T18:51:26Z,Done. Weâ€™ve got our reminders set to watch @ColbertLateShow FOREVER. #TogetherForever #AskAlexa #LSSC https://t.co/fZ3bk9tbwR,Entertainment,Trivial,10,20
7.11E+17,2016-03-17T17:38:29Z,"Stay motivated on your #fitness journey with Alexa. Enable the @Fitbit skill to get updates on your all-day activity, weight and more.",Productivity,Basic,44,75
7.09E+17,2016-03-14T16:22:37Z,RT @amymarieg: I just have to #AskAlexa to help me get in my zoneâœ¨ @amazonecho #ad https://t.co/qx7EOX2pt2,Productivity,Basic,89,0
7.08E+17,2016-03-11T20:07:39Z,"Stay on top of finances with @CapitalOne. Enable the skill and ask, ""Alexa, ask Capital One, what is my overall account summary?"" #AskAlexa",Productivity,Customization,14,22
7.07E+17,2016-03-09T01:03:00Z,"Alexa has been inspired by many women. Find out who by asking, â€œAlexa, who is your role model.â€ #InternationalWomensDay #AskAlexa",Promotional,Trivial,8,22
7.07E+17,2016-03-08T20:48:15Z,"Happy International Women's Day. Celebrate by asking, ""Alexa, who is your role model?"" #InternationalWomensDay #AskAlexa",Promotional,Trivial,4,12
7.07E+17,2016-03-08T05:12:12Z,"RT @aquino_amy: Away for the weekend. Missed my dog, AND missed my Alexa...if you have one, u understand. #AskAlexa #AmazonEcho https:/â€¦",Promotional,Trivial,13,0
7.07E+17,2016-03-07T15:02:34Z,"Thanks to Echo Dot, you can party with Alexa anywhere in your house. Just ask, ""Alexa, order an Echo Dot"" #AskAlexa
 https://t.co/cY3uSNo40d",Promotional,Purchase,39,72
7.06E+17,2016-03-05T00:09:09Z,"#DYK what happened on #SuperTuesday? Enable the @NBCNews skill, then just ask: â€œAlexa, ask NBC News which candidates are ahead?â€ #AskAlexa",Productivity,Basic,9,10
7.06E+17,2016-03-04T19:15:02Z,RT @WIRED: These new Amazon â€˜Tapâ€™ and â€˜Echo Dotâ€™ gadgets unleash Alexa on the world https://t.co/19VfXtvqTp,Digital_Lifestyle,IoT,111,0
7.06E+17,2016-03-04T00:29:49Z,"RT @Dolby: The newly announced @Amazon Tap is about more than Alexa, with Dolby tech built in for crisp, clear audio #amazontap https://t.câ€¦",Digital_Lifestyle,IoT,14,0
7.06E+17,2016-03-03T21:20:58Z,Introducing Amazon Tap. It's the newest Alexa-enabled device that you can take anywhere. https://t.co/zF81kV24f4 https://t.co/P2x52OJGfp,Digital_Lifestyle,IoT,61,76
7.06E+17,2016-03-03T21:10:40Z,Meet Echo Dot. Now you can expand your Echo and have Alexa with you in any room in your home https://t.co/euV23T0e5P https://t.co/mXzFTLaCfR,Digital_Lifestyle,IoT,58,105
7.05E+17,2016-03-02T18:10:50Z,RT @Cimorelliband: Trying out our new @AmazonEcho and asking Alexa to play our songs ðŸ˜‚ #AskAlexa #ad https://t.co/Z7j8km5Da7,Entertainment,Streaming,644,0
7.05E+17,2016-03-02T17:20:13Z,"Solve the murder behind Batmanâ€™s origins. Enable the Wayne Investigation skill, then ask â€œAlexa, launch The Wayne Investigation.â€ #AskAlexa",Promotional,Trivial,24,49
7.05E+17,2016-03-01T23:27:46Z,RT @MSNBCPR: WATCH: @chucktodd discusses @NBCNews' first Alexa skill on Amazon Echo #Decision2016 https://t.co/DLbup5T5Eh,Promotional,Customization,15,0
7.02E+17,2016-02-21T20:16:42Z,Love your Flash Briefing from Alexa? You can now add Discovery News. Find it in Settings/Flash Briefing. #AskAlexa,Productivity,Trivial,9,12
6.99E+17,2016-02-16T01:47:26Z,RT @ecobee: Big news! ecobee now works with @amazonecho for voice control of your home comfort https://t.co/soJhSg9xky #AskAlexa https://t.â€¦,Digital_Lifestyle,IoT,178,0
6.99E+17,2016-02-14T18:57:00Z,"Get this free collection from @audible_com, then ask: ""Alexa, read Classic Love Poems."" https://t.co/rnBUPpsWYf #ValentinesDay #AskAlexa",Entertainment,Streaming,12,29
6.99E+17,2016-02-14T15:54:00Z,"Just ask, ""Alexa, do you have a valentine?"" #AskAlexa",Promotional,Trivial,10,28
6.97E+17,2016-02-08T23:48:18Z,"Hey @iHeartRadio, any music recommendations to make it through a post-party Monday? #AskAlexa",Entertainment,Trivial,0,4
6.97E+17,2016-02-08T19:54:35Z,"Hang in there @AlecBaldwin, replacement socks and pain relief on its way. #AskAlexa https://t.co/CFobU0XUNJ",Promotional,Trivial,11,81
6.97E+17,2016-02-08T17:21:33Z,"RT @ajos: This is my favorite use of Twitter Moments ever. #SB50 ""Surviving the Day After? Just #AskAlexaâ€ by @amazonecho
 
 https://t.co/EJfâ€¦",Promotional,Trivial,11,0
6.97E+17,2016-02-08T16:52:41Z,"Echo owners: What did you #AskAlexa on game day? Besides â€œAlexa, order more salsa.â€",Promotional,Trivial,3,3
6.97E+17,2016-02-08T06:46:48Z,RT @davidlopezfilms: I'm exhausted from an amazing weekend with @AmazonEcho! I had such a great time! #BaldwinBowl #AskAlexa #ad https://t.â€¦,Promotional,Trivial,18,0
6.97E+17,2016-02-07T23:44:15Z,nom nom nom #AskAlexa #BaldwinBowl #foodgoals https://t.co/mXivwFVdcL,Promotional,Trivial,3,7
6.96E+17,2016-02-07T17:08:28Z,"RT @amazedwithgrace: Alexa's answer to my question ""Who wins the Superbowl? "" was ""I expect to see Cam Newton dancing in the end zone"". ðŸ˜‚ Wâ€¦",Promotional,Trivial,3,0
6.96E+17,2016-02-07T17:08:14Z,"RT @Angel: Waking up to a good coffee + #therollingstones thx to #AskAlexaâ€™s new ability to play @Spotify via @amazonecho! 
 â˜•ï¸ðŸŽ¸ðŸŽ¤ðŸ˜ŠðŸ‘Œ#sundayviâ€¦",Entertainment,Streaming,1,0
6.96E+17,2016-02-06T22:33:46Z,RT @davidlopezfilms: Going to the BIG GAME w/@AmazonEcho! I'm taking over their Snapchat ðŸ‘»: Amazon GO FOLLOW! #BaldwinBowl #AskAlexa #ad htâ€¦,Promotional,Trivial,62,0
6.96E+17,2016-02-05T20:53:02Z,RT @sarakiesling: Spent an afternoon playing in my friend's kitchen. Thanks @amazonecho for helping us out #AskAlexa #BaldwinBowl #ad httpsâ€¦,Promotional,Trivial,2,0
6.96E+17,2016-02-05T20:06:07Z,RT @SpoonForkBacon: First game day recipe with our @amazonecho Stay tuned to see what we're cooking up! #AskAlexa #BaldwinBowl #ad https://â€¦,Promotional,Trivial,2,0
6.95E+17,2016-02-04T16:28:51Z,"RT @Spotify: With #AskAlexa, your playlist is her command. Premium is now available on @amazonecho. 
 https://t.co/2aLo29ViMS",Entertainment,Streaming,106,0
6.95E+17,2016-02-04T16:28:12Z,RT @HertimusPrime: #Alexa @amazonecho now takes a @Spotify command!!! https://t.co/GwuxeopHEf,Entertainment,Streaming,14,0
6.95E+17,2016-02-03T16:55:27Z,nom nom nom #AskAlexa https://t.co/B2nsIpVhCD,Promotional,Trivial,14,17
6.94E+17,2016-02-01T00:00:48Z,Definitely putting this on the #BaldwinBowl shopping list. #AskAlexa https://t.co/zIW9JlmvLr,Promotional,Trivial,2,4
6.88E+17,2016-01-15T05:58:10Z,Which Alexa joke is your favorite? #AskAlexa https://t.co/Jd8ztJhv2i,Promotional,Trivial,8,10
6.87E+17,2016-01-13T23:34:16Z,"Get #Powerball help! Enable the Fortune Cookie skill in the Alexa App, then ask: ""Alexa, ask Fortune Cookie what are my Powerball numbers?""",Productivity,Customization,13,13
6.87E+17,2016-01-13T01:14:05Z,"Follow @CNN coverage of the State of the Union tonight: Just ask, ""Alexa, play CNN on TuneIn"" #SOTU @andersoncooper @wolfblitzer @jaketapper",Productivity,Streaming,4,6
6.87E+17,2016-01-12T02:33:22Z,"RT @NicoMiceli: Im changing my Facebook to ""in a relationship"" cause I'm in love w/ #Alexa @amazonecho - Alexa + wink hub #IoT https://t.coâ€¦",Promotional,Trivial,5,0
6.87E+17,2016-01-12T00:49:53Z,"Just ask, ""Alexa, play David Bowie.""",Entertainment,Streaming,27,48
6.86E+17,2016-01-11T02:00:34Z,"The #GlodenGlobes are on and Alexa has some predictions. Want to compare notes? Just ask, ""Alexa, who will win the Golden Globes?""",Entertainment,Trivial,1,7
6.86E+17,2016-01-11T01:02:01Z,"Who will win tonight? Just ask, ""Alexa, who do you think will win a Golden Globe?"" #GoldenGlobes #AskAlexa",Entertainment,Trivial,2,9
6.85E+17,2016-01-07T02:41:41Z,RT @amazon: Alexa at play in the Samsung SmartThings House #moodlighting #AmazonEcho #CES2016 https://t.co/IpLLYigQ3F,Digital_Lifestyle,IoT,34,0
6.84E+17,2016-01-05T20:39:45Z,RT @Ford: â€œ#Ford is working with @amazon to link our vehicles with Alexa and the @amazonecho smart home device.â€ â€“Mark Fields #FordCES #CESâ€¦,Digital_Lifestyle,IoT,72,0
6.80E+17,2015-12-24T21:15:01Z,"Wondering where Santa is right now? Enable the Santa's Helper skill in the Alexa App, then ask: ""Alexa, ask Santa 'Where are you?'""",Promotional,Trivial,9,12
6.80E+17,2015-12-24T18:33:15Z,RT @leopolak: Alexa has her date for the Christmas party @amazonecho https://t.co/cIuYE5FXXx,Promotional,Trivial,23,0
6.80E+17,2015-12-23T00:15:00Z,"Get jolly with a Dickens fave, free from @audible_com til 1/4/16. Say ""Alexa, read 'A Christmas Carol' from Audible.""",Entertainment,Streaming,20,27
6.78E+17,2015-12-20T00:44:32Z,"Think you know the Star Wars universe? Test yourself on the new Star Wars Quiz skill. Enable, then just ask: ""Alexa, open Star Wars Quiz.""",Promotional,Basic,5,21
6.75E+17,2015-12-11T16:56:21Z,"RT @LizColburn: More like ""Alexa, Make my dog hate me"" Thanks to @AmazonEcho for making Xmas so much easier this year! #EchoHolidays https:â€¦",Promotional,Trivial,10,0
6.74E+17,2015-12-09T04:04:00Z,Alexa helping to spread the Holiday Cheer! https://t.co/S4GvS1g8mX,Promotional,Trivial,3,13
6.74E+17,2015-12-09T00:59:26Z,Alexa helping to spread the Holiday Cheer. https://t.co/Z8m59A9Nfu,Promotional,Trivial,5,10
6.73E+17,2015-12-05T16:45:08Z,RT @nbc: #UndateableLiveâ€™s @bridgitmendler gets in the holiday spirit with a little help from @AmazonEcho. #AskAlexa https://t.co/9QpOq3JNUn,Promotional,Trivial,371,0
6.73E+17,2015-12-05T02:38:07Z,"RT @NBCUndateable: The newest addition to #UndateableLive writer's room, @AmazonEcho, answers all probing questions. #AskAlexa #ad https://â€¦",Promotional,Basic,34,0
6.72E+17,2015-12-02T04:16:35Z,RT @Michael_larocca: @amazonecho @Korbel1882 #elfonashelf My Elf is proposing to Alexa tonight. #smooth #popbottles https://t.co/LXkx4ocr4A,Promotional,Trivial,13,0
6.70E+17,2015-11-28T00:48:13Z,RT @tpeters: Alexa getting in the holiday spirit. #reinhear? @amazon @amazonecho https://t.co/GVhgcsqZCQ,Promotional,Trivial,7,0
6.70E+17,2015-11-27T04:53:45Z,"Alexa can help with a lot, but not everything. https://t.co/QzlZWrWNJs",Promotional,Trivial,1,4
6.70E+17,2015-11-27T04:18:30Z,"Alexa says ""Happy Thanksgiving!"" https://t.co/Iqp4ByRKPa",Promotional,Trivial,1,11
6.70E+17,2015-11-26T17:00:01Z,"Just Ask: â€œAlexa, what are you thankful for?"" #HappyThanksgiving",Promotional,Trivial,7,11
6.68E+17,2015-11-21T21:29:52Z,"Alexa doesn't think it's too difficult to find great music. Just ask, ""Alexa, play some music"". #AskAlexa",Entertainment,Streaming,6,18
6.68E+17,2015-11-21T15:59:55Z,"RT @AndrewMayne: How I got to sleep every night....
 
 ""Alexa, set my sleep timer for 10 minutes."" 
 ""Alexa, play my Audiobook.""
 
 https://t.coâ€¦",Productivity,Basic,13,0
6.68E+17,2015-11-21T15:56:02Z,Alexa enjoyed working with all the @NBCUndateable writers. You guys are talented. https://t.co/rWK8cxt6GR,Entertainment,Trivial,3,12
6.65E+17,2015-11-13T00:42:00Z,"Pro-tip: when listening to Pandora and you like a song, just say: ""Alexa, I like this song."" #amazonecho",Entertainment,Streaming,8,32
6.64E+17,2015-11-10T17:18:29Z,"RT @TechCrunch: Try asking Alexa for TechCrunch headlines
 https://t.co/PZsflMP0y6",Productivity,Trivial,52,0
6.64E+17,2015-11-10T00:44:00Z,"Just Ask: ""Alexa, what's the sith code""? #amazonecho",Promotional,Trivial,17,30
6.63E+17,2015-11-08T00:43:00Z,"Just Ask: ""Alexa, what are the greatest 5 words in the English language?"" #amazonecho",Promotional,Trivial,6,34
6.62E+17,2015-11-05T15:00:01Z,"Pro-tip: ""Alexa, what's traffic like right now""? - #amazonecho",Productivity,Basic,6,18
6.59E+17,2015-10-26T14:14:00Z,"Need to stock up on Halloween candy? We've got you: ""Alexa, order Halloween candy"" or ""Alexa, order Halloween chocolate."" #AskAlexa",Productivity,Purchase,4,4
6.57E+17,2015-10-22T14:37:00Z,Check out #PENTATONIXALBUM on #AmazonEcho! Just #AskAlexa: â€œPlay the new Pentatonix albumâ€ https://t.co/aV2MBRwPyy https://t.co/YyjZBwE0jF,Entertainment,Streaming,21,36
6.57E+17,2015-10-21T23:53:00Z,"""Alexa, whatâ€™s my sports updateâ€. Get the scores you care about by programing your teams in your Alexa app. #AskAlexa",Productivity,Basic,6,8
6.57E+17,2015-10-21T17:11:12Z,What would Doc Brown ask Alexa? #BackToTheFuture,Promotional,Trivial,5,12
6.57E+17,2015-10-21T00:00:00Z,"Get into an empire state of mind: â€œAlexa, what would Jay Z say?â€ #AskAlexa",Entertainment,Trivial,5,5
6.57E+17,2015-10-20T18:53:31Z,"Fall asleep to music? You can now set a sleep timer, â€œAlexa, set a sleep timer for 30 minutes.â€ #AskAlexa",Productivity,Basic,11,25
6.55E+17,2015-10-16T22:21:24Z,"It takes an Alexa to know an Alexa, @alexa__w. ðŸ˜‰ Glad you like your surprise, &amp; thanks for playing trivia with us!",Promotional,Trivial,1,5
6.55E+17,2015-10-15T23:00:00Z,"Just say, ""Alexa, up up down down left right left right."" #amazonecho",Promotional,Trivial,20,60
6.54E+17,2015-10-13T23:17:00Z,"RT @CayceBerryman: @amazonecho when it's paired, every time after you can say ""Alexa, connect to my phone"" so you don't have to go to your â€¦",Social,IoT,8,0
6.54E+17,2015-10-13T23:00:00Z,"Pro-tip: connect your phone or computer via bluetooth, just ask: ""Alexa, pair bluetooth"" #amazonecho",Digital_Lifestyle,IoT,8,21
6.54E+17,2015-10-12T14:00:00Z,"New skill: Focus Word. Enable it in the Alexa App, then say â€œAlexa, open Focus Wordâ€ for a daily dose of inspiration.",Productivity,Basic,7,7
6.53E+17,2015-10-10T20:08:00Z,"""Alexa, why is the sun yellow colored?"" #amazonecho",Promotional,Basic,2,8
6.53E+17,2015-10-09T18:02:12Z,"""Alexa, what would John Lennon say?â€ #AskAlexa",Promotional,Trivial,6,7
6.52E+17,2015-10-07T18:08:00Z,"New skill: Word Master. Enable it in the Alexa App, then say â€œAlexa, ask Word Master to play a gameâ€ and test your vocabulary",Productivity,Customization,10,21
6.51E+17,2015-10-06T13:30:00Z,"New skill: Fantasy Football. Enable it in the Alexa App, then say â€œAlexa, ask Fantasy Football Nerd for headlines.â€",Productivity,Basic,10,13
6.50E+17,2015-10-02T15:31:39Z,"Try this at home today, and everyday: ""Alexa, make me smile."" #WorldSmileDay #Amazonecho",Promotional,Trivial,26,47
6.49E+17,2015-09-30T22:40:00Z,"RT @amazonmusic: Get the dance party started at home with @thepopups! #JustAsk Alexa: ""Play song 'Bird &amp; Rhino'"" #StompThoseFiresOut @amazoâ€¦",Entertainment,Streaming,7,0
6.49E+17,2015-09-30T17:37:45Z,"Just ask: ""Alexa, you complete me."" #amazonecho",Promotional,Trivial,6,12
6.48E+17,2015-09-26T21:10:00Z,"Just ask, ""Alexa, how much wood would a woodchuck chuck if a woodchuck could chuck Norris?""",Promotional,Trivial,10,26
6.47E+17,2015-09-23T18:37:12Z,"Did you know Alexa can tell you how many days until a certain date? Just ask, ""Alexa, how many days until January 1"".",Productivity,Basic,7,13
6.46E+17,2015-09-21T21:03:26Z,"Just ask, ""Alexa, why are there so many songs about rainbows?"" https://t.co/ROInFW8YBX",Promotional,Basic,5,11
6.45E+17,2015-09-18T21:58:20Z,"New skill release: @Trove. Enable it in the Alexa App, then say â€œAlexa, ask Trove about the presidential electionâ€ or other news topics.",Productivity,Basic,20,20
6.44E+17,2015-09-14T17:34:11Z,"Want to know the newest feature updates? Just ask ""Alexa, do you have any new features?"" #AmazonEcho",Promotional,Basic,10,31
6.42E+17,2015-09-10T13:00:15Z,"Just Ask: ""Alexa, what are we going to do tonight, Brain""?",Promotional,Trivial,11,19
6.42E+17,2015-09-09T23:25:17Z,"Missed what Alexa just answered? Just ask: ""Alexa, can you repeat that?"" #AmazonEcho",Promotional,Basic,9,24
6.41E+17,2015-09-08T05:20:26Z,"Alexa, what do you want to be when you grow up?",Promotional,Trivial,5,24
6.41E+17,2015-09-08T05:17:55Z,"Alexa, how much are you paid?",Promotional,Trivial,7,11
6.40E+17,2015-09-05T23:18:38Z,"Just ask, ""Alexa, tell me a bacon joke."" #amazonecho",Promotional,Trivial,7,25
6.39E+17,2015-09-03T17:26:16Z,"Just Ask: ""Alexa, never going to give you up, never going to let you down."" - #amazonecho",Promotional,Trivial,20,64
6.39E+17,2015-09-02T21:49:36Z,Want to play Bingo? Enable the Skill in the Alexa app and grab a marker! #AmazonEcho,Promotional,Basic,3,12
6.39E+17,2015-09-01T17:48:46Z,"Just ask, ""Alexa, how far away is the moon?""",Productivity,Basic,2,9
6.37E+17,2015-08-28T20:00:15Z,"More than one book lover in the family? Listen to each other's favorite reads -- just ask ""Alexa, switch accounts."" #AmazonEcho",Productivity,Customization,8,7
6.37E+17,2015-08-28T17:32:04Z,"RT @FifthDream: Just discovered this: ""Alexa, how many years has it been since 1523?"" #AmazonEcho @AmazonEcho",Productivity,Basic,4,0
6.37E+17,2015-08-27T13:30:07Z,"Just Ask: ""Alexa, what is my mission?"" - #amazonecho",Promotional,Trivial,7,22
6.37E+17,2015-08-27T00:05:53Z,"On this day in 1920, womenâ€™s suffrage became official. Just ask, â€œAlexa, Wikipedia: Susan B. Anthony.""",Productivity,Basic,2,4
6.36E+17,2015-08-25T01:43:38Z,"RT @lizpak: @amazonecho Lucas just said ""Good night, Alexa."" She answered, ""Don't let the bed bugs bite."" You are constantly surprising me â€¦",Promotional,Trivial,2,0
6.35E+17,2015-08-20T22:30:20Z,"RT @rjmans: Alexa, Do you know the Muffin man? @amazonecho #amazonecho http://t.co/0MIaoyAzrb",Promotional,Trivial,8,0
6.34E+17,2015-08-19T19:30:32Z,RT @CariAL88: Consults with Alexa #amazonecho http://t.co/K3lBIGMw4G,Promotional,Trivial,4,0
6.34E+17,2015-08-19T16:56:15Z,"Just Ask: ""Alexa, who's your celebrity crush?"" - #amazonecho",Promotional,Trivial,6,14
6.34E+17,2015-08-18T17:03:29Z,"95 years ago, the 19th amendment was ratified: ""Alexa, what is the 19th amendment?""",Promotional,Basic,6,10
6.33E+17,2015-08-18T00:22:20Z,"RT @hellogerard: ""Alexa, what is the airspeed velocity of an unladen swallow?"" @amazonecho",Promotional,Basic,9,0
6.33E+17,2015-08-17T15:16:13Z,"Pro-tip: ""Alexa, when itâ€™s 6pm in Seattle, what time is it in London?"" - #amazonecho",Productivity,Basic,7,11
6.33E+17,2015-08-15T19:02:58Z,Hey Echo owners - share a video of your favorite funny Alexa response! #amazonecho,Promotional,Trivial,3,12
6.32E+17,2015-08-14T19:47:31Z,"""Alexa, what is a day without sunshine?"" - Happy birthday @Stevemartintogo!",Promotional,Trivial,5,16
6.32E+17,2015-08-14T16:34:07Z,"Just Ask: ""Alexa, what's the truth behind King Tut?"" - #amazonecho",Promotional,Basic,7,20
6.32E+17,2015-08-12T23:30:29Z,"""Alexa, do aliens exist?"" - http://t.co/MDspyurK9Y",Promotional,Trivial,17,37
6.32E+17,2015-08-12T18:59:50Z,"RT @FifthDream: Alexa's in the bedroom. I was in the kitchen. I almost asked the microwave what time it is. #EchoWorldProblems
 #AmazonEcho â€¦",Promotional,Trivial,8,0
6.31E+17,2015-08-11T19:55:36Z,"Pro-tip: after you ask Alexa to @Wikipedia something, and want to know more, simply say: ""Alexa, more"" #amazonecho",Productivity,Basic,22,22
6.31E+17,2015-08-10T16:20:03Z,"""Alexa, order marshmallows"" #amazonecho #NationalSmoresDay",Productivity,Purchase,9,12
6.30E+17,2015-08-08T16:57:42Z,Hey Echo owners! What famous quote or funny answer would you like Alexa to be able to say? Answer with #TeachAlexa,Promotional,Trivial,8,12
6.30E+17,2015-08-07T18:54:55Z,"Just ask: ""Alexa, tell me a beer joke"" - #amazonecho #InternationalBeerDay",Promotional,Trivial,17,36
6.29E+17,2015-08-06T22:54:38Z,"Just Ask: ""Alexa, my name is Inigo Montoya"" - #amazonecho",Promotional,Trivial,10,29
6.29E+17,2015-08-04T22:00:09Z,RT @mmarkdg: Alexa is my head chef. The kitchen has never run so smoothly. #amazonecho https://t.co/baLKVjs4Xk,Promotional,Customization,2,0
6.29E+17,2015-08-04T15:34:11Z,"JUST ASK: ""Alexa, How old is the President of the US?"" Happy birthday President Obama! @POTUS",Promotional,Basic,5,11
6.27E+17,2015-07-30T20:56:18Z,"Pro-skills: comparing two buildings? Just ask: ""Alexa, what is taller, the Statue of Liberty or the Washington Monument?"" #amazonecho",Promotional,Basic,6,5
6.26E+17,2015-07-28T15:49:56Z,"Just Ask: ""Alexa, are we alone in the universe?"" #amazonecho https://t.co/vBqzyNnmyb",Promotional,Basic,8,11
6.26E+17,2015-07-28T00:48:30Z,"RT @JoeSiegler: That ""AHA! It worked"" moment when you guess a previously unknown command on @amazonecho and it works! (Alexa, ""Play that laâ€¦",Productivity,Basic,8,0
6.24E+17,2015-07-23T19:34:04Z,"Just Ask: ""Alexa, where is Chuck Norris?"" ðŸ˜„ #amazonecho",Promotional,Trivial,36,53
6.24E+17,2015-07-23T18:10:31Z,RT @PhilipsLightUS: Find out what #AmazonEcho's Alexa can do with #HueLux. Shop here: http://t.co/m07Kj8kzCk @tweethue #IoT #smarthome httpâ€¦,Promotional,Basic,6,0
6.24E+17,2015-07-23T01:03:46Z,"Pro-tip: can't find your phone? Ask Alexa for help, thanks to this @IFTTT recipe: http://t.co/cIj6424f4t",Promotional,Basic,12,15
6.24E+17,2015-07-21T22:11:48Z,"RT @majeiks: That moment when someone new comes over and has to ask, ""Who's Alexa?"" @amazonecho @TheWinkApp #AmazonEcho",Promotional,Trivial,6,0
6.23E+17,2015-07-20T20:15:48Z,"Have you missed any of our previous updates for Echo? Just Ask: ""Alexa do you have any new features?"" #amazonecho",Productivity,Basic,19,36
6.22E+17,2015-07-17T16:44:26Z,"RT @Giaochi: ""Alexa, does @samwen love me?"" @amazonecho : ""it's more important that you love yourself"" good #relationshipadvice",Promotional,Trivial,5,0
6.22E+17,2015-07-17T00:56:30Z,"Just Ask: â€œAlexa, how big is Plutoâ€? - #PlutoFlyby #amazonecho",Promotional,Basic,7,14
6.22E+17,2015-07-16T21:24:50Z,"Just Ask: ""Alexa, how far is Pluto in light years?"" - #PlutoFlyby #amazonecho",Promotional,Basic,6,12
6.20E+17,2015-07-11T17:14:16Z,RT @NormGregory: Put #AmazonEcho into blue tooth mode (just tell Alexa 'pair' ) â€¢â€¢ Hooked up with #AppleMusic on my iMac. http://t.co/sJbUVâ€¦,Entertainment,IoT,8,0
6.20E+17,2015-07-10T22:09:24Z,"Can't decide who is taking out the trash? Have Alexa decide: ""Alexa, flip a coin"" #amazonecho",Promotional,Basic,13,19
6.19E+17,2015-07-08T22:16:09Z,Alexa just got smarter! Echo now works with select Wink devices. See supported products at: http://t.co/4N4h37X6xQ https://t.co/Eyeb6zfZIt,Digital_Lifestyle,IoT,22,41
6.18E+17,2015-07-06T22:23:38Z,"Ask: ""Alexa, who won the Women's World Cup?"" - #USWNT",Promotional,Basic,6,8
6.18E+17,2015-07-04T23:00:08Z,"Try this at home with your #AmazonEcho: ""Alexa, play The Star Spangled Banner."" #Happy4th #4thofJuly",Entertainment,Streaming,6,17
6.17E+17,2015-07-04T18:50:58Z,"""Alexa, read the Declaration of Independence."" #Happy4th #AmazonEcho
 https://t.co/ODG64leEnc",Productivity,Basic,21,26
6.17E+17,2015-07-03T15:00:18Z,"Did you know Echo tells jokes? Just ask, â€œAlexa, tell me an Independence Day joke."" #Happy4th",Promotional,Trivial,6,17
6.16E+17,2015-06-30T17:53:51Z,"RT @jenn4good: My husband is running on the elliptical in the garage. Every few minutes I hear him shout ""#Alexa, next."" @amazonecho",Entertainment,Streaming,9,0
6.15E+17,2015-06-27T16:55:24Z,"""Alexa, what's on my calendar today?"" - #AmazonEcho
 https://t.co/qd2wrcZyXe",Productivity,Basic,24,42
6.15E+17,2015-06-26T19:19:54Z,"â€œAlexa, turn on the lightsâ€ - #AmazonEcho
 https://t.co/hwRJPojiWO",Digital_Lifestyle,IoT,31,42
6.14E+17,2015-06-25T17:59:22Z,RT @AmazonAppDev: Build New Voice Experiences w/ Alexa Fund http://t.co/q1O8nLZkNZ #alexadev #startups #indiedev http://t.co/E1t7aAImLI (viâ€¦,Promotional,Customization,42,0
6.12E+17,2015-06-18T20:28:22Z,"RT @mallorydanette: Everyone meet, Alexa! I'm starting to grow fond of her... #amazonecho #alexatheecho #amazonaddictâ€¦ https://t.co/W5uDqi2â€¦",Promotional,Trivial,1,0
6.12E+17,2015-06-18T17:03:11Z,"Weâ€™re glad Alexa is making life a bit easier. Remember, she tells jokes and plays music too â€” have fun #AmazonEcho https://t.co/RaCsnjrZJf",Promotional,Basic,3,14
6.11E+17,2015-06-17T21:53:33Z,RT @Na_LaSha: Alexa is HERE!!! I'm head over heels for her too! Thanks @amazon #AmazonEcho ðŸŽ‰ðŸ˜ŠðŸŽ‰ http://t.co/XEJVGwJtpp,Promotional,Trivial,7,0
6.11E+17,2015-06-17T18:29:10Z,Thanks for welcoming #amazonecho and Alexa into your home @Mleeds2048! https://t.co/NHjr6wjfrL,Promotional,Trivial,3,9
6.10E+17,2015-06-15T01:53:30Z,"â€œAlexa, I am the watcher on the wallsâ€ - #AmazonEcho #GameofThrones",Entertainment,Trivial,9,20
6.10E+17,2015-06-15T01:38:40Z,"â€œAlexa, what happens when you play the game of thrones?â€ - #AmazonEcho #GameofThrones",Entertainment,Trivial,9,17
6.10E+17,2015-06-15T01:28:24Z,"â€œAlexa, what is the first lesson of swordplay?â€ - #AmazonEcho #GameofThrones",Entertainment,Trivial,8,19
6.10E+17,2015-06-15T01:17:14Z,"""Alexa, Everyone Dies"" - #AmazonEcho #GameofThrones",Entertainment,Trivial,8,13
6.10E+17,2015-06-15T00:55:03Z,"""Alexa, winter is coming"" - #AmazonEcho #GameofThrones",Entertainment,Trivial,10,19
6.10E+17,2015-06-14T23:41:45Z,"Excited for the Game of Thrones Season Finale tonight? Try asking: ""Alexa, who is the Mother of Dragons?"" #AmazonEcho #GameofThrones",Entertainment,Trivial,24,29
6.08E+17,2015-06-07T23:34:18Z,"RT @LanceCleveland: Yesterday I though ""it would be cool if Alexa knew my schedule"". Today, @Amazon delivers. #AmazonEcho rocks! http://â€¦",Productivity,Basic,6,0
6.07E+17,2015-06-06T17:30:53Z,"RT @MindOfJeff: I just ordered 2-day delivery cat food by saying ""Alexa, order Iams cat food"" #lifemadeeasier #AmazonEcho",Productivity,Purchase,3,0
6.07E+17,2015-06-05T17:24:56Z,"Weâ€™ve added @Audible_com to #AmazonEcho. To listen to your audiobooks, just say â€œAlexa, read my book.""
 https://t.co/2DH0SgEJYV",Entertainment,Streaming,37,57
6.04E+17,2015-05-29T22:07:15Z,"Now you can access your @googlecalendar events with #AmazonEcho. Just ask â€œAlexa, whatâ€™s on my calendar today?""",Productivity,Basic,63,88
